BRUSH
SIZE 90
COL #8fb0d6
DRAG 348 191 353 191
DRAG 378 191 388 191
DRAG 493 191 498 191
DRAG 553 191 558 191
DRAG 623 191 628 191
DRAG 648 191 658 191
DRAG 663 191 1238 191
DRAG 343 195 348 195
DRAG 383 195 388 195
DRAG 498 195 503 195
DRAG 623 195 628 195
DRAG 663 195 1238 195
DRAG 333 200 338 200
DRAG 378 200 383 200
DRAG 498 200 503 200
DRAG 558 200 568 200
DRAG 603 200 608 200
DRAG 658 200 1238 200
DRAG 323 205 328 205
DRAG 373 205 393 205
DRAG 403 205 408 205
DRAG 513 205 518 205
DRAG 538 205 543 205
DRAG 563 205 568 205
DRAG 578 205 583 205
DRAG 598 205 603 205
DRAG 658 205 663 205
DRAG 668 205 673 205
DRAG 683 205 1238 205
DRAG 373 210 383 210
DRAG 388 210 393 210
DRAG 458 210 463 210
DRAG 533 210 538 210
DRAG 558 210 563 210
DRAG 568 210 573 210
DRAG 583 210 588 210
DRAG 668 210 673 210
DRAG 688 210 1238 210
DRAG 323 215 328 215
DRAG 373 215 378 215
DRAG 483 215 488 215
DRAG 558 215 568 215
DRAG 683 215 693 215
DRAG 698 215 1238 215
DRAG 293 220 298 220
DRAG 303 220 308 220
DRAG 318 220 323 220
DRAG 373 220 383 220
DRAG 518 220 523 220
DRAG 533 220 543 220
DRAG 558 220 573 220
DRAG 708 220 1238 220
DRAG 283 225 293 225
DRAG 393 225 398 225
DRAG 528 225 538 225
DRAG 558 225 563 225
DRAG 598 225 603 225
DRAG 713 225 1238 225
DRAG 278 230 303 230
DRAG 528 230 538 230
DRAG 543 230 553 230
DRAG 568 230 573 230
DRAG 603 230 608 230
DRAG 728 230 1238 230
DRAG 263 235 308 235
DRAG 318 235 328 235
DRAG 383 235 393 235
DRAG 533 235 543 235
DRAG 553 235 558 235
DRAG 563 235 568 235
DRAG 728 235 1238 235
DRAG 253 240 278 240
DRAG 283 240 303 240
DRAG 308 240 313 240
DRAG 538 240 548 240
DRAG 563 240 568 240
DRAG 733 240 958 240
DRAG 968 240 1238 240
DRAG 258 245 263 245
DRAG 268 245 273 245
DRAG 288 245 298 245
DRAG 303 245 313 245
DRAG 538 245 548 245
DRAG 568 245 573 245
DRAG 743 245 948 245
DRAG 973 245 1238 245
DRAG 238 250 243 250
DRAG 268 250 278 250
DRAG 283 250 288 250
DRAG 313 250 323 250
DRAG 543 250 573 250
DRAG 743 250 938 250
DRAG 973 250 1238 250
DRAG 238 255 243 255
DRAG 273 255 278 255
DRAG 283 255 288 255
DRAG 318 255 323 255
DRAG 418 255 423 255
DRAG 548 255 578 255
DRAG 743 255 913 255
DRAG 918 255 923 255
DRAG 983 255 1238 255
DRAG 238 260 248 260
DRAG 278 260 283 260
DRAG 323 260 338 260
DRAG 348 260 353 260
DRAG 413 260 428 260
DRAG 553 260 583 260
DRAG 643 260 648 260
DRAG 748 260 908 260
DRAG 988 260 1238 260
DRAG 238 265 258 265
DRAG 333 265 343 265
DRAG 353 265 358 265
DRAG 413 265 428 265
DRAG 543 265 553 265
DRAG 558 265 588 265
DRAG 598 265 603 265
DRAG 643 265 648 265
DRAG 743 265 908 265
DRAG 998 265 1238 265
DRAG 238 269 243 269
DRAG 248 269 258 269
DRAG 303 269 313 269
DRAG 328 269 338 269
DRAG 343 269 348 269
DRAG 353 269 358 269
DRAG 418 269 433 269
DRAG 548 269 588 269
DRAG 598 269 608 269
DRAG 638 269 658 269
DRAG 738 269 908 269
DRAG 998 269 1193 269
DRAG 1218 269 1238 269
DRAG 238 274 263 274
DRAG 298 274 303 274
DRAG 308 274 338 274
DRAG 423 274 438 274
DRAG 553 274 613 274
DRAG 623 274 648 274
DRAG 658 274 683 274
DRAG 738 274 908 274
DRAG 993 274 1183 274
DRAG 1228 274 1238 274
DRAG 313 279 338 279
DRAG 348 279 358 279
DRAG 423 279 433 279
DRAG 558 279 688 279
DRAG 708 279 718 279
DRAG 733 279 903 279
DRAG 938 279 943 279
DRAG 998 279 1183 279
DRAG 1198 279 1203 279
DRAG 308 284 323 284
DRAG 328 284 338 284
DRAG 573 284 688 284
DRAG 703 284 718 284
DRAG 733 284 903 284
DRAG 938 284 943 284
DRAG 998 284 1183 284
DRAG 1193 284 1208 284
DRAG 308 289 318 289
DRAG 328 289 348 289
DRAG 588 289 718 289
DRAG 728 289 898 289
DRAG 993 289 1208 289
DRAG 303 294 323 294
DRAG 328 294 353 294
DRAG 593 294 688 294
DRAG 693 294 888 294
DRAG 943 294 948 294
DRAG 993 294 1008 294
DRAG 1013 294 1208 294
DRAG 303 299 353 299
DRAG 603 299 683 299
DRAG 693 299 828 299
DRAG 833 299 843 299
DRAG 848 299 888 299
DRAG 938 299 943 299
DRAG 963 299 968 299
DRAG 988 299 1008 299
DRAG 1013 299 1198 299
DRAG 298 304 303 304
DRAG 308 304 318 304
DRAG 328 304 353 304
DRAG 608 304 673 304
DRAG 693 304 823 304
DRAG 833 304 843 304
DRAG 853 304 883 304
DRAG 918 304 928 304
DRAG 938 304 943 304
DRAG 963 304 973 304
DRAG 988 304 1008 304
DRAG 1023 304 1168 304
DRAG 293 309 298 309
DRAG 303 309 313 309
DRAG 333 309 348 309
DRAG 563 309 568 309
DRAG 608 309 618 309
DRAG 628 309 668 309
DRAG 693 309 823 309
DRAG 853 309 883 309
DRAG 918 309 938 309
DRAG 963 309 968 309
DRAG 988 309 1003 309
DRAG 1023 309 1153 309
DRAG 298 314 308 314
DRAG 338 314 348 314
DRAG 608 314 613 314
DRAG 628 314 668 314
DRAG 693 314 818 314
DRAG 853 314 873 314
DRAG 918 314 928 314
DRAG 948 314 953 314
DRAG 963 314 968 314
DRAG 978 314 1003 314
DRAG 1028 314 1148 314
DRAG 308 319 313 319
DRAG 603 319 618 319
DRAG 633 319 653 319
DRAG 688 319 703 319
DRAG 708 319 818 319
DRAG 863 319 868 319
DRAG 913 319 928 319
DRAG 948 319 953 319
DRAG 973 319 1008 319
DRAG 1023 319 1028 319
DRAG 1033 319 1133 319
DRAG 483 324 488 324
DRAG 608 324 613 324
DRAG 633 324 648 324
DRAG 673 324 678 324
DRAG 688 324 808 324
DRAG 858 324 868 324
DRAG 913 324 923 324
DRAG 938 324 953 324
DRAG 963 324 1013 324
DRAG 1038 324 1128 324
DRAG 483 329 488 329
DRAG 608 329 613 329
DRAG 618 329 623 329
DRAG 633 329 643 329
DRAG 673 329 758 329
DRAG 763 329 803 329
DRAG 858 329 868 329
DRAG 918 329 1018 329
DRAG 1038 329 1068 329
DRAG 1098 329 1108 329
DRAG 618 334 623 334
DRAG 628 334 643 334
DRAG 673 334 773 334
DRAG 793 334 803 334
DRAG 918 334 1018 334
DRAG 1048 334 1058 334
DRAG 628 339 638 339
DRAG 678 339 773 339
DRAG 933 339 1018 339
DRAG 1048 339 1058 339
DRAG 633 343 638 343
DRAG 678 343 773 343
DRAG 933 343 1018 343
DRAG 1048 343 1068 343
DRAG 638 348 643 348
DRAG 683 348 773 348
DRAG 943 348 1008 348
DRAG 1048 348 1053 348
DRAG 1063 348 1068 348
DRAG 1168 348 1183 348
DRAG 593 353 598 353
DRAG 683 353 753 353
DRAG 758 353 773 353
DRAG 948 353 998 353
DRAG 1043 353 1053 353
DRAG 1063 353 1073 353
DRAG 1168 353 1173 353
DRAG 1183 353 1193 353
DRAG 458 358 478 358
DRAG 583 358 588 358
DRAG 638 358 643 358
DRAG 703 358 743 358
DRAG 763 358 778 358
DRAG 943 358 998 358
DRAG 1043 358 1053 358
DRAG 1068 358 1078 358
DRAG 1163 358 1168 358
DRAG 1188 358 1198 358
DRAG 438 363 443 363
DRAG 448 363 458 363
DRAG 703 363 738 363
DRAG 763 363 778 363
DRAG 953 363 993 363
DRAG 1043 363 1048 363
DRAG 1073 363 1083 363
DRAG 1163 363 1168 363
DRAG 1193 363 1203 363
DRAG 438 368 443 368
DRAG 448 368 453 368
DRAG 473 368 478 368
DRAG 523 368 528 368
DRAG 578 368 583 368
DRAG 708 368 728 368
DRAG 758 368 783 368
DRAG 953 368 993 368
DRAG 1043 368 1048 368
DRAG 1148 368 1163 368
DRAG 1198 368 1213 368
DRAG 333 373 338 373
DRAG 453 373 458 373
DRAG 473 373 483 373
DRAG 528 373 533 373
DRAG 573 373 578 373
DRAG 713 373 718 373
DRAG 758 373 783 373
DRAG 953 373 968 373
DRAG 973 373 983 373
DRAG 1038 373 1048 373
DRAG 1068 373 1073 373
DRAG 1083 373 1088 373
DRAG 1148 373 1153 373
DRAG 1198 373 1203 373
DRAG 1208 373 1213 373
DRAG 478 378 483 378
DRAG 533 378 538 378
DRAG 568 378 573 378
DRAG 648 378 653 378
DRAG 713 378 718 378
DRAG 763 378 778 378
DRAG 973 378 983 378
DRAG 1038 378 1053 378
DRAG 1068 378 1073 378
DRAG 1083 378 1088 378
DRAG 1093 378 1098 378
DRAG 1148 378 1153 378
DRAG 1193 378 1198 378
DRAG 1208 378 1213 378
DRAG 473 383 488 383
DRAG 563 383 573 383
DRAG 648 383 653 383
DRAG 1048 383 1053 383
DRAG 1083 383 1098 383
DRAG 1143 383 1153 383
DRAG 1188 383 1193 383
DRAG 1208 383 1228 383
DRAG 478 388 488 388
DRAG 548 388 563 388
DRAG 568 388 573 388
DRAG 948 388 953 388
DRAG 1043 388 1053 388
DRAG 1063 388 1068 388
DRAG 1093 388 1098 388
DRAG 1138 388 1148 388
DRAG 1208 388 1218 388
DRAG 1223 388 1228 388
DRAG 463 393 473 393
DRAG 483 393 493 393
DRAG 548 393 553 393
DRAG 663 393 668 393
DRAG 753 393 768 393
DRAG 943 393 953 393
DRAG 963 393 978 393
DRAG 1043 393 1048 393
DRAG 1058 393 1063 393
DRAG 1088 393 1103 393
DRAG 1138 393 1143 393
DRAG 1208 393 1213 393
DRAG 1223 393 1238 393
DRAG 488 398 493 398
DRAG 523 398 543 398
DRAG 763 398 773 398
DRAG 923 398 943 398
DRAG 958 398 963 398
DRAG 1103 398 1108 398
DRAG 1138 398 1148 398
DRAG 1203 398 1213 398
DRAG 1233 398 1238 398
DRAG 483 403 493 403
DRAG 523 403 533 403
DRAG 538 403 543 403
DRAG 663 403 668 403
DRAG 738 403 753 403
DRAG 778 403 783 403
DRAG 908 403 913 403
DRAG 923 403 928 403
DRAG 1103 403 1113 403
DRAG 1128 403 1133 403
DRAG 1138 403 1143 403
DRAG 1183 403 1198 403
DRAG 1203 403 1208 403
DRAG 1228 403 1238 403
DRAG 378 408 388 408
DRAG 483 408 498 408
DRAG 538 408 543 408
DRAG 663 408 668 408
DRAG 738 408 753 408
DRAG 908 408 918 408
DRAG 958 408 963 408
DRAG 1108 408 1113 408
DRAG 1123 408 1128 408
DRAG 1133 408 1143 408
DRAG 1183 408 1193 408
DRAG 418 413 423 413
DRAG 473 413 498 413
DRAG 533 413 538 413
DRAG 663 413 668 413
DRAG 848 413 853 413
DRAG 1078 413 1088 413
DRAG 1098 413 1113 413
DRAG 1123 413 1128 413
DRAG 403 417 413 417
DRAG 468 417 483 417
DRAG 488 417 498 417
DRAG 533 417 543 417
DRAG 668 417 673 417
DRAG 813 417 823 417
DRAG 848 417 853 417
DRAG 1063 417 1073 417
DRAG 1078 417 1088 417
DRAG 1098 417 1103 417
DRAG 1118 417 1133 417
DRAG 478 422 483 422
DRAG 528 422 538 422
DRAG 813 422 823 422
DRAG 843 422 848 422
DRAG 1063 422 1068 422
DRAG 1083 422 1098 422
DRAG 1103 422 1113 422
DRAG 1128 422 1133 422
DRAG 1138 422 1148 422
DRAG 398 427 403 427
DRAG 483 427 488 427
DRAG 673 427 678 427
DRAG 1088 427 1103 427
DRAG 1108 427 1143 427
DRAG 488 432 493 432
DRAG 508 432 518 432
DRAG 523 432 528 432
DRAG 673 432 678 432
DRAG 888 432 893 432
DRAG 1078 432 1093 432
DRAG 1103 432 1133 432
DRAG 483 437 493 437
DRAG 508 437 528 437
DRAG 678 437 688 437
DRAG 723 437 728 437
DRAG 1083 437 1093 437
DRAG 1103 437 1113 437
DRAG 1118 437 1123 437
DRAG 513 442 518 442
DRAG 683 442 688 442
DRAG 718 442 733 442
DRAG 868 442 873 442
DRAG 1083 442 1108 442
DRAG 503 447 508 447
DRAG 513 447 518 447
DRAG 688 447 693 447
DRAG 718 447 738 447
DRAG 863 447 868 447
DRAG 1083 447 1103 447
DRAG 513 452 518 452
DRAG 688 452 693 452
DRAG 718 452 728 452
DRAG 733 452 748 452
DRAG 1028 452 1033 452
DRAG 1073 452 1108 452
DRAG 1128 452 1143 452
DRAG 688 457 693 457
DRAG 1073 457 1078 457
DRAG 1093 457 1098 457
DRAG 1103 457 1108 457
DRAG 1233 457 1238 457
DRAG 688 462 693 462
DRAG 1023 462 1028 462
DRAG 1058 462 1068 462
DRAG 1098 462 1103 462
DRAG 1108 462 1118 462
DRAG 1233 462 1238 462
DRAG 693 467 698 467
DRAG 1078 467 1123 467
DRAG 693 472 698 472
DRAG 708 472 718 472
DRAG 848 472 853 472
DRAG 1073 472 1078 472
DRAG 1083 472 1093 472
DRAG 1108 472 1123 472
DRAG 1228 472 1233 472
DRAG 833 477 843 477
DRAG 1073 477 1108 477
DRAG 1068 482 1098 482
DRAG 1058 487 1063 487
DRAG 1068 487 1078 487
DRAG 1088 487 1113 487
DRAG 1063 491 1083 491
DRAG 1088 491 1093 491
DRAG 818 496 823 496
DRAG 1078 496 1098 496
DRAG 708 501 713 501
DRAG 798 501 803 501
DRAG 808 501 813 501
DRAG 1093 501 1103 501
DRAG 703 506 708 506
DRAG 793 506 803 506
DRAG 1098 506 1113 506
DRAG 793 511 798 511
DRAG 703 516 708 516
DRAG 783 516 793 516
DRAG 778 521 793 521
DRAG 708 526 713 526
DRAG 718 526 723 526
DRAG 728 526 738 526
DRAG 778 526 788 526
DRAG 708 531 723 531
DRAG 728 531 733 531
DRAG 783 531 788 531
DRAG 708 536 713 536
DRAG 718 536 728 536
DRAG 738 536 743 536
DRAG 703 541 713 541
DRAG 718 541 743 541
DRAG 753 541 783 541
DRAG 708 546 713 546
DRAG 773 546 778 546
DRAG 768 551 773 551
DRAG 768 556 773 556
DRAG 723 561 728 561
DRAG 763 561 768 561
DRAG 748 565 763 565
DRAG 733 570 763 570
DRAG 718 575 758 575
DRAG 723 580 753 580
DRAG 723 590 733 590
DRAG 698 654 708 654
DRAG 723 654 728 654
DRAG 698 659 738 659
DRAG 688 664 698 664
DRAG 733 664 743 664
DRAG 683 669 693 669
DRAG 738 669 748 669
DRAG 683 674 698 674
DRAG 683 679 703 679
DRAG 708 684 718 684
DRAG 703 689 708 689
DRAG 493 911 498 911
COL #eef2f6
DRAG 353 191 378 191
DRAG 438 191 443 191
DRAG 498 191 508 191
DRAG 558 191 563 191
DRAG 628 191 633 191
DRAG 348 195 383 195
DRAG 428 195 443 195
DRAG 488 195 498 195
DRAG 608 195 618 195
DRAG 628 195 633 195
DRAG 338 200 378 200
DRAG 438 200 443 200
DRAG 463 200 473 200
DRAG 488 200 498 200
DRAG 548 200 553 200
DRAG 568 200 573 200
DRAG 608 200 633 200
DRAG 643 200 658 200
DRAG 328 205 373 205
DRAG 393 205 403 205
DRAG 428 205 433 205
DRAG 448 205 458 205
DRAG 463 205 473 205
DRAG 488 205 503 205
DRAG 533 205 538 205
DRAG 543 205 548 205
DRAG 558 205 563 205
DRAG 583 205 588 205
DRAG 603 205 613 205
DRAG 628 205 638 205
DRAG 643 205 658 205
DRAG 663 205 668 205
DRAG 318 210 373 210
DRAG 393 210 413 210
DRAG 433 210 438 210
DRAG 448 210 458 210
DRAG 463 210 478 210
DRAG 488 210 503 210
DRAG 513 210 518 210
DRAG 563 210 568 210
DRAG 578 210 583 210
DRAG 613 210 623 210
DRAG 633 210 638 210
DRAG 643 210 668 210
DRAG 328 215 373 215
DRAG 393 215 413 215
DRAG 423 215 428 215
DRAG 438 215 443 215
DRAG 448 215 478 215
DRAG 488 215 518 215
DRAG 568 215 583 215
DRAG 608 215 613 215
DRAG 618 215 628 215
DRAG 638 215 678 215
DRAG 693 215 698 215
DRAG 298 220 303 220
DRAG 308 220 318 220
DRAG 323 220 373 220
DRAG 393 220 428 220
DRAG 443 220 518 220
DRAG 573 220 583 220
DRAG 608 220 613 220
DRAG 623 220 633 220
DRAG 638 220 708 220
DRAG 293 225 383 225
DRAG 398 225 433 225
DRAG 443 225 523 225
DRAG 538 225 543 225
DRAG 563 225 568 225
DRAG 573 225 598 225
DRAG 608 225 613 225
DRAG 623 225 713 225
DRAG 303 230 383 230
DRAG 393 230 433 230
DRAG 438 230 528 230
DRAG 538 230 543 230
DRAG 563 230 568 230
DRAG 573 230 603 230
DRAG 608 230 613 230
DRAG 623 230 728 230
DRAG 308 235 318 235
DRAG 328 235 383 235
DRAG 393 235 533 235
DRAG 543 235 553 235
DRAG 568 235 613 235
DRAG 623 235 728 235
DRAG 303 240 308 240
DRAG 313 240 538 240
DRAG 548 240 558 240
DRAG 568 240 733 240
DRAG 958 240 968 240
DRAG 298 245 303 245
DRAG 313 245 538 245
DRAG 548 245 568 245
DRAG 573 245 743 245
DRAG 948 245 973 245
DRAG 303 250 313 250
DRAG 323 250 543 250
DRAG 573 250 743 250
DRAG 938 250 973 250
DRAG 303 255 318 255
DRAG 323 255 418 255
DRAG 423 255 548 255
DRAG 578 255 743 255
DRAG 913 255 918 255
DRAG 923 255 983 255
DRAG 353 260 413 260
DRAG 428 260 553 260
DRAG 583 260 643 260
DRAG 648 260 748 260
DRAG 908 260 988 260
DRAG 358 265 413 265
DRAG 428 265 543 265
DRAG 553 265 558 265
DRAG 588 265 598 265
DRAG 603 265 643 265
DRAG 648 265 743 265
DRAG 908 265 998 265
DRAG 243 269 248 269
DRAG 338 269 343 269
DRAG 348 269 353 269
DRAG 358 269 418 269
DRAG 433 269 548 269
DRAG 588 269 598 269
DRAG 608 269 638 269
DRAG 658 269 738 269
DRAG 908 269 998 269
DRAG 1193 269 1218 269
DRAG 338 274 423 274
DRAG 438 274 553 274
DRAG 613 274 623 274
DRAG 648 274 658 274
DRAG 683 274 738 274
DRAG 908 274 993 274
DRAG 1183 274 1228 274
DRAG 338 279 348 279
DRAG 358 279 423 279
DRAG 433 279 558 279
DRAG 688 279 708 279
DRAG 718 279 733 279
DRAG 903 279 938 279
DRAG 943 279 998 279
DRAG 1183 279 1198 279
DRAG 1203 279 1238 279
DRAG 293 284 298 284
DRAG 323 284 328 284
DRAG 338 284 573 284
DRAG 688 284 703 284
DRAG 718 284 733 284
DRAG 903 284 938 284
DRAG 943 284 998 284
DRAG 1183 284 1193 284
DRAG 1208 284 1238 284
DRAG 318 289 328 289
DRAG 348 289 588 289
DRAG 718 289 728 289
DRAG 898 289 993 289
DRAG 1208 289 1238 289
DRAG 323 294 328 294
DRAG 353 294 593 294
DRAG 688 294 693 294
DRAG 888 294 943 294
DRAG 948 294 993 294
DRAG 1008 294 1013 294
DRAG 1208 294 1238 294
DRAG 353 299 603 299
DRAG 683 299 693 299
DRAG 828 299 833 299
DRAG 843 299 848 299
DRAG 888 299 938 299
DRAG 943 299 963 299
DRAG 968 299 988 299
DRAG 1008 299 1013 299
DRAG 1198 299 1238 299
DRAG 303 304 308 304
DRAG 318 304 328 304
DRAG 353 304 608 304
DRAG 673 304 693 304
DRAG 823 304 833 304
DRAG 843 304 853 304
DRAG 883 304 918 304
DRAG 928 304 938 304
DRAG 943 304 963 304
DRAG 973 304 988 304
DRAG 1008 304 1023 304
DRAG 1168 304 1238 304
DRAG 298 309 303 309
DRAG 313 309 333 309
DRAG 348 309 563 309
DRAG 568 309 608 309
DRAG 618 309 628 309
DRAG 668 309 693 309
DRAG 823 309 853 309
DRAG 883 309 918 309
DRAG 938 309 963 309
DRAG 968 309 988 309
DRAG 1003 309 1023 309
DRAG 1153 309 1238 309
DRAG 308 314 338 314
DRAG 348 314 608 314
DRAG 613 314 628 314
DRAG 668 314 693 314
DRAG 818 314 853 314
DRAG 873 314 918 314
DRAG 928 314 948 314
DRAG 953 314 963 314
DRAG 968 314 978 314
DRAG 1003 314 1028 314
DRAG 1148 314 1238 314
DRAG 313 319 603 319
DRAG 618 319 633 319
DRAG 653 319 688 319
DRAG 703 319 708 319
DRAG 818 319 863 319
DRAG 868 319 913 319
DRAG 928 319 948 319
DRAG 953 319 973 319
DRAG 1008 319 1023 319
DRAG 1133 319 1238 319
DRAG 313 324 483 324
DRAG 488 324 608 324
DRAG 618 324 633 324
DRAG 648 324 673 324
DRAG 678 324 688 324
DRAG 808 324 858 324
DRAG 868 324 913 324
DRAG 923 324 938 324
DRAG 953 324 963 324
DRAG 1013 324 1018 324
DRAG 1128 324 1238 324
DRAG 313 329 483 329
DRAG 488 329 608 329
DRAG 623 329 633 329
DRAG 643 329 673 329
DRAG 758 329 763 329
DRAG 803 329 858 329
DRAG 868 329 918 329
DRAG 1068 329 1098 329
DRAG 1108 329 1238 329
DRAG 308 334 608 334
DRAG 623 334 628 334
DRAG 643 334 673 334
DRAG 773 334 793 334
DRAG 803 334 918 334
DRAG 1058 334 1238 334
DRAG 313 339 603 339
DRAG 623 339 628 339
DRAG 638 339 678 339
DRAG 773 339 933 339
DRAG 1058 339 1238 339
DRAG 323 343 603 343
DRAG 638 343 678 343
DRAG 773 343 933 343
DRAG 1068 343 1238 343
DRAG 328 348 333 348
DRAG 348 348 603 348
DRAG 643 348 683 348
DRAG 773 348 943 348
DRAG 1068 348 1168 348
DRAG 1183 348 1238 348
DRAG 323 353 338 353
DRAG 343 353 593 353
DRAG 638 353 683 353
DRAG 753 353 758 353
DRAG 773 353 948 353
DRAG 1073 353 1168 353
DRAG 1193 353 1238 353
DRAG 323 358 458 358
DRAG 478 358 583 358
DRAG 643 358 703 358
DRAG 743 358 763 358
DRAG 778 358 943 358
DRAG 1078 358 1163 358
DRAG 1198 358 1238 358
DRAG 323 363 438 363
DRAG 443 363 448 363
DRAG 478 363 583 363
DRAG 643 363 703 363
DRAG 738 363 763 363
DRAG 778 363 953 363
DRAG 1083 363 1163 363
DRAG 1203 363 1238 363
DRAG 333 368 438 368
DRAG 443 368 448 368
DRAG 478 368 523 368
DRAG 528 368 578 368
DRAG 648 368 708 368
DRAG 728 368 758 368
DRAG 783 368 953 368
DRAG 1083 368 1148 368
DRAG 1213 368 1238 368
DRAG 338 373 433 373
DRAG 483 373 528 373
DRAG 533 373 573 373
DRAG 648 373 713 373
DRAG 718 373 758 373
DRAG 783 373 953 373
DRAG 968 373 973 373
DRAG 1088 373 1148 373
DRAG 1213 373 1238 373
DRAG 343 378 433 378
DRAG 483 378 533 378
DRAG 538 378 568 378
DRAG 653 378 713 378
DRAG 718 378 763 378
DRAG 778 378 973 378
DRAG 1088 378 1093 378
DRAG 1098 378 1148 378
DRAG 1213 378 1238 378
DRAG 348 383 423 383
DRAG 488 383 563 383
DRAG 653 383 978 383
DRAG 1098 383 1143 383
DRAG 1228 383 1238 383
DRAG 353 388 423 388
DRAG 488 388 548 388
DRAG 653 388 948 388
DRAG 953 388 978 388
DRAG 1098 388 1138 388
DRAG 1228 388 1238 388
DRAG 363 393 423 393
DRAG 493 393 548 393
DRAG 653 393 663 393
DRAG 668 393 753 393
DRAG 768 393 943 393
DRAG 953 393 963 393
DRAG 1103 393 1138 393
DRAG 368 398 428 398
DRAG 493 398 523 398
DRAG 543 398 548 398
DRAG 658 398 763 398
DRAG 773 398 923 398
DRAG 1108 398 1138 398
DRAG 373 403 423 403
DRAG 493 403 523 403
DRAG 533 403 538 403
DRAG 668 403 738 403
DRAG 753 403 778 403
DRAG 783 403 908 403
DRAG 913 403 923 403
DRAG 1113 403 1128 403
DRAG 1133 403 1138 403
DRAG 388 408 423 408
DRAG 498 408 538 408
DRAG 668 408 738 408
DRAG 753 408 908 408
DRAG 1103 408 1108 408
DRAG 1113 408 1123 408
DRAG 383 413 418 413
DRAG 498 413 533 413
DRAG 668 413 848 413
DRAG 853 413 908 413
DRAG 1113 413 1123 413
DRAG 388 417 403 417
DRAG 413 417 423 417
DRAG 483 417 488 417
DRAG 498 417 533 417
DRAG 673 417 813 417
DRAG 823 417 848 417
DRAG 853 417 903 417
DRAG 1103 417 1118 417
DRAG 393 422 403 422
DRAG 413 422 423 422
DRAG 483 422 528 422
DRAG 673 422 813 422
DRAG 823 422 843 422
DRAG 848 422 898 422
DRAG 1098 422 1103 422
DRAG 1113 422 1128 422
DRAG 488 427 528 427
DRAG 678 427 898 427
DRAG 393 432 398 432
DRAG 493 432 508 432
DRAG 518 432 523 432
DRAG 678 432 888 432
DRAG 493 437 508 437
DRAG 688 437 723 437
DRAG 728 437 883 437
DRAG 483 442 513 442
DRAG 688 442 718 442
DRAG 733 442 868 442
DRAG 873 442 878 442
DRAG 488 447 503 447
DRAG 508 447 513 447
DRAG 693 447 718 447
DRAG 738 447 863 447
DRAG 483 452 498 452
DRAG 508 452 513 452
DRAG 693 452 718 452
DRAG 728 452 733 452
DRAG 748 452 858 452
DRAG 483 457 493 457
DRAG 503 457 508 457
DRAG 693 457 858 457
DRAG 1098 457 1103 457
DRAG 503 462 508 462
DRAG 693 462 853 462
DRAG 498 467 508 467
DRAG 698 467 853 467
DRAG 698 472 708 472
DRAG 718 472 848 472
DRAG 1078 472 1083 472
DRAG 1093 472 1108 472
DRAG 703 477 833 477
DRAG 843 477 848 477
DRAG 703 482 833 482
DRAG 703 487 828 487
DRAG 1078 487 1088 487
DRAG 703 491 708 491
DRAG 713 491 828 491
DRAG 1083 491 1088 491
DRAG 713 496 813 496
DRAG 713 501 798 501
DRAG 803 501 808 501
DRAG 708 506 793 506
DRAG 703 511 793 511
DRAG 708 516 783 516
DRAG 708 521 778 521
DRAG 713 526 718 526
DRAG 723 526 728 526
DRAG 738 526 778 526
DRAG 723 531 728 531
DRAG 733 531 783 531
DRAG 713 536 718 536
DRAG 728 536 738 536
DRAG 743 536 783 536
DRAG 713 541 718 541
DRAG 743 541 753 541
DRAG 713 546 773 546
DRAG 708 551 768 551
DRAG 708 556 768 556
DRAG 728 561 763 561
DRAG 723 565 748 565
DRAG 718 570 733 570
DRAG 698 664 733 664
DRAG 693 669 738 669
DRAG 698 674 743 674
DRAG 703 679 748 679
DRAG 703 684 708 684
DRAG 718 684 738 684
DRAG 718 689 738 689
DRAG 723 694 738 694
DRAG 998 738 1003 738
DRAG 1083 743 1088 743
DRAG 993 763 998 763
DRAG 1133 763 1138 763
DRAG 1108 768 1113 768
DRAG 1148 773 1153 773
DRAG 1213 792 1218 792
DRAG 1223 792 1238 792
DRAG 1233 797 1238 797
DRAG 1018 842 1023 842
DRAG 1203 896 1208 896
DRAG 498 911 508 911
DRAG 488 916 493 916
DRAG 1233 926 1238 926
COL #2f4230
DRAG 448 191 458 191
DRAG 483 191 488 191
DRAG 513 191 533 191
DRAG 543 191 548 191
DRAG 583 191 598 191
DRAG 603 191 613 191
DRAG 638 191 643 191
DRAG 403 195 408 195
DRAG 458 195 463 195
DRAG 478 195 488 195
DRAG 513 195 533 195
DRAG 538 195 548 195
DRAG 583 195 593 195
DRAG 458 200 463 200
DRAG 478 200 488 200
DRAG 508 200 528 200
DRAG 588 200 598 200
DRAG 478 205 483 205
DRAG 508 205 513 205
DRAG 523 205 528 205
DRAG 568 205 578 205
DRAG 588 205 598 205
DRAG 418 210 423 210
DRAG 523 210 528 210
DRAG 543 210 553 210
DRAG 588 210 593 210
DRAG 523 215 533 215
DRAG 553 215 558 215
DRAG 588 215 593 215
DRAG 598 215 608 215
DRAG 433 220 438 220
DRAG 528 220 533 220
DRAG 543 220 558 220
DRAG 433 225 438 225
DRAG 543 225 548 225
DRAG 558 235 563 235
DRAG 263 284 268 284
DRAG 238 304 243 304
DRAG 258 324 263 324
DRAG 1028 329 1038 329
DRAG 1023 334 1038 334
DRAG 248 339 253 339
DRAG 283 339 288 339
DRAG 1023 339 1028 339
DRAG 1018 343 1028 343
DRAG 613 348 618 348
DRAG 1023 348 1028 348
DRAG 1038 348 1043 348
DRAG 613 353 618 353
DRAG 1013 353 1028 353
DRAG 1033 353 1043 353
DRAG 1058 353 1063 353
DRAG 298 358 303 358
DRAG 613 358 623 358
DRAG 1003 358 1008 358
DRAG 1013 358 1023 358
DRAG 1033 358 1038 358
DRAG 1053 358 1063 358
DRAG 258 363 263 363
DRAG 308 363 313 363
DRAG 618 363 623 363
DRAG 998 363 1028 363
DRAG 258 368 263 368
DRAG 603 368 613 368
DRAG 998 368 1028 368
DRAG 303 373 308 373
DRAG 313 373 318 373
DRAG 593 373 598 373
DRAG 608 373 618 373
DRAG 623 373 633 373
DRAG 998 373 1008 373
DRAG 1013 373 1023 373
DRAG 1078 373 1083 373
DRAG 1173 373 1178 373
DRAG 308 378 313 378
DRAG 598 378 638 378
DRAG 983 378 988 378
DRAG 998 378 1008 378
DRAG 1013 378 1023 378
DRAG 1058 378 1063 378
DRAG 1073 378 1083 378
DRAG 1168 378 1178 378
DRAG 573 383 578 383
DRAG 603 383 608 383
DRAG 613 383 633 383
DRAG 983 383 1013 383
DRAG 1023 383 1028 383
DRAG 1058 383 1063 383
DRAG 1078 383 1083 383
DRAG 1168 383 1178 383
DRAG 248 388 253 388
DRAG 578 388 633 388
DRAG 998 388 1033 388
DRAG 1168 388 1178 388
DRAG 458 393 463 393
DRAG 573 393 633 393
DRAG 638 393 648 393
DRAG 993 393 1013 393
DRAG 1028 393 1038 393
DRAG 1168 393 1178 393
DRAG 573 398 588 398
DRAG 593 398 653 398
DRAG 983 398 1018 398
DRAG 1023 398 1048 398
DRAG 1078 398 1093 398
DRAG 568 403 588 403
DRAG 608 403 653 403
DRAG 948 403 958 403
DRAG 973 403 978 403
DRAG 988 403 1018 403
DRAG 1028 403 1053 403
DRAG 1083 403 1098 403
DRAG 303 408 313 408
DRAG 573 408 588 408
DRAG 593 408 598 408
DRAG 608 408 653 408
DRAG 938 408 958 408
DRAG 968 408 978 408
DRAG 983 408 1018 408
DRAG 1033 408 1053 408
DRAG 1163 408 1168 408
DRAG 1198 408 1203 408
DRAG 1213 408 1233 408
DRAG 238 413 248 413
DRAG 298 413 303 413
DRAG 568 413 583 413
DRAG 588 413 663 413
DRAG 938 413 953 413
DRAG 968 413 983 413
DRAG 988 413 1018 413
DRAG 1038 413 1063 413
DRAG 1148 413 1168 413
DRAG 1198 413 1213 413
DRAG 1223 413 1238 413
DRAG 243 417 248 417
DRAG 278 417 288 417
DRAG 558 417 593 417
DRAG 608 417 653 417
DRAG 658 417 663 417
DRAG 933 417 953 417
DRAG 968 417 1018 417
DRAG 1038 417 1063 417
DRAG 1138 417 1163 417
DRAG 1188 417 1193 417
DRAG 1223 417 1238 417
DRAG 238 422 243 422
DRAG 258 422 263 422
DRAG 278 422 288 422
DRAG 558 422 588 422
DRAG 608 422 663 422
DRAG 933 422 963 422
DRAG 973 422 1023 422
DRAG 1048 422 1058 422
DRAG 1153 422 1168 422
DRAG 1223 422 1238 422
DRAG 238 427 263 427
DRAG 273 427 283 427
DRAG 288 427 293 427
DRAG 368 427 373 427
DRAG 558 427 608 427
DRAG 613 427 623 427
DRAG 638 427 653 427
DRAG 658 427 663 427
DRAG 908 427 913 427
DRAG 923 427 928 427
DRAG 933 427 938 427
DRAG 943 427 953 427
DRAG 978 427 1008 427
DRAG 1018 427 1023 427
DRAG 1063 427 1078 427
DRAG 1148 427 1158 427
DRAG 1163 427 1178 427
DRAG 1213 427 1238 427
DRAG 238 432 258 432
DRAG 273 432 293 432
DRAG 378 432 383 432
DRAG 558 432 573 432
DRAG 583 432 618 432
DRAG 633 432 653 432
DRAG 658 432 663 432
DRAG 918 432 958 432
DRAG 968 432 1008 432
DRAG 1013 432 1028 432
DRAG 1048 432 1058 432
DRAG 1063 432 1073 432
DRAG 1133 432 1158 432
DRAG 1163 432 1173 432
DRAG 1203 432 1223 432
DRAG 1233 432 1238 432
DRAG 248 437 258 437
DRAG 278 437 288 437
DRAG 343 437 348 437
DRAG 353 437 358 437
DRAG 378 437 388 437
DRAG 538 437 543 437
DRAG 553 437 558 437
DRAG 563 437 573 437
DRAG 578 437 613 437
DRAG 628 437 633 437
DRAG 638 437 668 437
DRAG 903 437 908 437
DRAG 918 437 948 437
DRAG 953 437 958 437
DRAG 968 437 1008 437
DRAG 1013 437 1018 437
DRAG 1023 437 1028 437
DRAG 1053 437 1073 437
DRAG 1133 437 1158 437
DRAG 1168 437 1178 437
DRAG 1198 437 1213 437
DRAG 1223 437 1228 437
DRAG 243 442 263 442
DRAG 273 442 283 442
DRAG 353 442 358 442
DRAG 538 442 543 442
DRAG 548 442 558 442
DRAG 563 442 578 442
DRAG 583 442 593 442
DRAG 598 442 623 442
DRAG 633 442 653 442
DRAG 658 442 673 442
DRAG 913 442 943 442
DRAG 948 442 953 442
DRAG 963 442 973 442
DRAG 978 442 1018 442
DRAG 1023 442 1033 442
DRAG 1108 442 1123 442
DRAG 1133 442 1178 442
DRAG 1188 442 1213 442
DRAG 1223 442 1228 442
DRAG 238 447 243 447
DRAG 268 447 283 447
DRAG 353 447 363 447
DRAG 438 447 443 447
DRAG 538 447 543 447
DRAG 558 447 568 447
DRAG 573 447 583 447
DRAG 588 447 593 447
DRAG 598 447 623 447
DRAG 633 447 658 447
DRAG 663 447 668 447
DRAG 908 447 948 447
DRAG 958 447 973 447
DRAG 983 447 993 447
DRAG 1003 447 1028 447
DRAG 1113 447 1123 447
DRAG 1143 447 1153 447
DRAG 1158 447 1168 447
DRAG 1173 447 1178 447
DRAG 1188 447 1203 447
DRAG 1208 447 1213 447
DRAG 1223 447 1228 447
DRAG 238 452 243 452
DRAG 518 452 523 452
DRAG 538 452 543 452
DRAG 553 452 558 452
DRAG 568 452 583 452
DRAG 603 452 653 452
DRAG 658 452 673 452
DRAG 898 452 943 452
DRAG 948 452 953 452
DRAG 963 452 973 452
DRAG 978 452 998 452
DRAG 1003 452 1008 452
DRAG 1013 452 1023 452
DRAG 1058 452 1063 452
DRAG 1108 452 1118 452
DRAG 1148 452 1168 452
DRAG 1188 452 1198 452
DRAG 1223 452 1228 452
DRAG 1233 452 1238 452
DRAG 243 457 248 457
DRAG 278 457 288 457
DRAG 523 457 528 457
DRAG 543 457 548 457
DRAG 563 457 578 457
DRAG 583 457 588 457
DRAG 603 457 663 457
DRAG 678 457 688 457
DRAG 913 457 938 457
DRAG 948 457 958 457
DRAG 963 457 1023 457
DRAG 1038 457 1058 457
DRAG 1113 457 1118 457
DRAG 1123 457 1168 457
DRAG 1183 457 1188 457
DRAG 1193 457 1198 457
DRAG 238 462 243 462
DRAG 268 462 283 462
DRAG 438 462 443 462
DRAG 518 462 523 462
DRAG 543 462 548 462
DRAG 558 462 568 462
DRAG 578 462 583 462
DRAG 598 462 623 462
DRAG 628 462 663 462
DRAG 668 462 688 462
DRAG 858 462 863 462
DRAG 893 462 898 462
DRAG 913 462 943 462
DRAG 958 462 1018 462
DRAG 1033 462 1053 462
DRAG 1118 462 1158 462
DRAG 1183 462 1223 462
DRAG 268 467 288 467
DRAG 528 467 533 467
DRAG 548 467 563 467
DRAG 578 467 588 467
DRAG 598 467 653 467
DRAG 663 467 683 467
DRAG 893 467 903 467
DRAG 913 467 928 467
DRAG 933 467 953 467
DRAG 963 467 1008 467
DRAG 1013 467 1018 467
DRAG 1038 467 1058 467
DRAG 1123 467 1128 467
DRAG 1133 467 1158 467
DRAG 1178 467 1228 467
DRAG 238 472 243 472
DRAG 253 472 258 472
DRAG 268 472 283 472
DRAG 538 472 548 472
DRAG 553 472 558 472
DRAG 563 472 643 472
DRAG 648 472 683 472
DRAG 883 472 908 472
DRAG 913 472 933 472
DRAG 943 472 1023 472
DRAG 1038 472 1073 472
DRAG 1123 472 1158 472
DRAG 1178 472 1188 472
DRAG 1208 472 1223 472
DRAG 1233 472 1238 472
DRAG 238 477 243 477
DRAG 258 477 263 477
DRAG 268 477 278 477
DRAG 283 477 288 477
DRAG 328 477 338 477
DRAG 448 477 453 477
DRAG 488 477 508 477
DRAG 533 477 543 477
DRAG 563 477 573 477
DRAG 583 477 688 477
DRAG 883 477 908 477
DRAG 913 477 938 477
DRAG 958 477 1018 477
DRAG 1048 477 1063 477
DRAG 1113 477 1118 477
DRAG 1128 477 1153 477
DRAG 1158 477 1163 477
DRAG 1208 477 1218 477
DRAG 1223 477 1228 477
DRAG 238 482 243 482
DRAG 258 482 263 482
DRAG 268 482 273 482
DRAG 283 482 288 482
DRAG 443 482 453 482
DRAG 488 482 508 482
DRAG 528 482 553 482
DRAG 558 482 568 482
DRAG 583 482 648 482
DRAG 653 482 688 482
DRAG 883 482 938 482
DRAG 953 482 1018 482
DRAG 1108 482 1173 482
DRAG 1208 482 1213 482
DRAG 1223 482 1228 482
DRAG 238 487 243 487
DRAG 248 487 263 487
DRAG 278 487 288 487
DRAG 433 487 453 487
DRAG 493 487 498 487
DRAG 503 487 508 487
DRAG 528 487 568 487
DRAG 573 487 688 487
DRAG 878 487 888 487
DRAG 893 487 923 487
DRAG 933 487 943 487
DRAG 953 487 1028 487
DRAG 1043 487 1053 487
DRAG 1113 487 1163 487
DRAG 1203 487 1228 487
DRAG 238 491 263 491
DRAG 268 491 278 491
DRAG 283 491 288 491
DRAG 423 491 428 491
DRAG 443 491 453 491
DRAG 478 491 483 491
DRAG 538 491 543 491
DRAG 553 491 643 491
DRAG 648 491 678 491
DRAG 688 491 698 491
DRAG 868 491 873 491
DRAG 878 491 888 491
DRAG 903 491 928 491
DRAG 933 491 938 491
DRAG 948 491 998 491
DRAG 1003 491 1028 491
DRAG 1038 491 1048 491
DRAG 1058 491 1063 491
DRAG 1108 491 1163 491
DRAG 1203 491 1223 491
DRAG 238 496 253 496
DRAG 258 496 263 496
DRAG 268 496 278 496
DRAG 293 496 298 496
DRAG 428 496 448 496
DRAG 483 496 488 496
DRAG 548 496 683 496
DRAG 688 496 698 496
DRAG 888 496 893 496
DRAG 903 496 943 496
DRAG 948 496 953 496
DRAG 958 496 1033 496
DRAG 1038 496 1073 496
DRAG 1098 496 1103 496
DRAG 1108 496 1113 496
DRAG 1118 496 1168 496
DRAG 1203 496 1208 496
DRAG 243 501 248 501
DRAG 253 501 263 501
DRAG 493 501 503 501
DRAG 548 501 558 501
DRAG 563 501 673 501
DRAG 683 501 703 501
DRAG 813 501 818 501
DRAG 873 501 878 501
DRAG 888 501 918 501
DRAG 923 501 948 501
DRAG 953 501 978 501
DRAG 988 501 1033 501
DRAG 1038 501 1083 501
DRAG 1108 501 1133 501
DRAG 1148 501 1163 501
DRAG 1198 501 1203 501
DRAG 258 506 263 506
DRAG 268 506 288 506
DRAG 293 506 298 506
DRAG 338 506 343 506
DRAG 543 506 668 506
DRAG 678 506 703 506
DRAG 808 506 818 506
DRAG 873 506 918 506
DRAG 923 506 983 506
DRAG 988 506 993 506
DRAG 1003 506 1033 506
DRAG 1038 506 1083 506
DRAG 1113 506 1138 506
DRAG 1153 506 1168 506
DRAG 1188 506 1193 506
DRAG 258 511 268 511
DRAG 338 511 348 511
DRAG 543 511 703 511
DRAG 798 511 803 511
DRAG 818 511 828 511
DRAG 833 511 838 511
DRAG 878 511 883 511
DRAG 888 511 983 511
DRAG 988 511 1083 511
DRAG 1113 511 1143 511
DRAG 1153 511 1168 511
DRAG 1203 511 1208 511
DRAG 1228 511 1233 511
DRAG 243 516 253 516
DRAG 258 516 268 516
DRAG 393 516 398 516
DRAG 518 516 528 516
DRAG 553 516 698 516
DRAG 798 516 813 516
DRAG 833 516 838 516
DRAG 863 516 873 516
DRAG 878 516 883 516
DRAG 888 516 943 516
DRAG 953 516 1028 516
DRAG 1038 516 1088 516
DRAG 1113 516 1168 516
DRAG 1193 516 1208 516
DRAG 1228 516 1238 516
DRAG 253 521 258 521
DRAG 263 521 278 521
DRAG 283 521 288 521
DRAG 308 521 313 521
DRAG 513 521 518 521
DRAG 543 521 568 521
DRAG 573 521 703 521
DRAG 793 521 808 521
DRAG 833 521 838 521
DRAG 853 521 858 521
DRAG 878 521 943 521
DRAG 948 521 973 521
DRAG 978 521 1018 521
DRAG 1038 521 1103 521
DRAG 1113 521 1123 521
DRAG 1128 521 1133 521
DRAG 1138 521 1168 521
DRAG 1188 521 1193 521
DRAG 1203 521 1213 521
DRAG 1218 521 1223 521
DRAG 1228 521 1238 521
DRAG 238 526 243 526
DRAG 253 526 263 526
DRAG 268 526 283 526
DRAG 298 526 303 526
DRAG 318 526 323 526
DRAG 418 526 443 526
DRAG 508 526 513 526
DRAG 558 526 568 526
DRAG 573 526 703 526
DRAG 793 526 808 526
DRAG 828 526 833 526
DRAG 843 526 853 526
DRAG 873 526 943 526
DRAG 948 526 1023 526
DRAG 1038 526 1118 526
DRAG 1128 526 1133 526
DRAG 1138 526 1148 526
DRAG 1153 526 1173 526
DRAG 1188 526 1193 526
DRAG 1228 526 1238 526
DRAG 238 531 253 531
DRAG 258 531 268 531
DRAG 318 531 323 531
DRAG 388 531 393 531
DRAG 413 531 438 531
DRAG 448 531 453 531
DRAG 503 531 518 531
DRAG 558 531 563 531
DRAG 573 531 668 531
DRAG 673 531 703 531
DRAG 793 531 803 531
DRAG 838 531 858 531
DRAG 878 531 918 531
DRAG 923 531 938 531
DRAG 953 531 988 531
DRAG 993 531 1108 531
DRAG 1118 531 1128 531
DRAG 1138 531 1148 531
DRAG 1163 531 1178 531
DRAG 1188 531 1193 531
DRAG 1228 531 1238 531
DRAG 238 536 248 536
DRAG 253 536 268 536
DRAG 288 536 293 536
DRAG 313 536 318 536
DRAG 418 536 438 536
DRAG 498 536 508 536
DRAG 573 536 708 536
DRAG 788 536 798 536
DRAG 803 536 808 536
DRAG 818 536 823 536
DRAG 828 536 833 536
DRAG 853 536 863 536
DRAG 873 536 898 536
DRAG 908 536 913 536
DRAG 958 536 973 536
DRAG 978 536 983 536
DRAG 993 536 1128 536
DRAG 1133 536 1148 536
DRAG 1163 536 1183 536
DRAG 1188 536 1193 536
DRAG 1228 536 1238 536
DRAG 253 541 263 541
DRAG 278 541 288 541
DRAG 308 541 313 541
DRAG 413 541 433 541
DRAG 443 541 453 541
DRAG 483 541 493 541
DRAG 568 541 588 541
DRAG 598 541 603 541
DRAG 608 541 638 541
DRAG 643 541 688 541
DRAG 693 541 698 541
DRAG 783 541 798 541
DRAG 803 541 808 541
DRAG 818 541 828 541
DRAG 858 541 863 541
DRAG 873 541 898 541
DRAG 918 541 923 541
DRAG 943 541 978 541
DRAG 993 541 1078 541
DRAG 1088 541 1143 541
DRAG 1163 541 1173 541
DRAG 1188 541 1193 541
DRAG 1203 541 1213 541
DRAG 1223 541 1238 541
DRAG 263 546 268 546
DRAG 273 546 288 546
DRAG 308 546 313 546
DRAG 323 546 328 546
DRAG 398 546 413 546
DRAG 423 546 443 546
DRAG 568 546 578 546
DRAG 583 546 698 546
DRAG 783 546 793 546
DRAG 813 546 818 546
DRAG 848 546 888 546
DRAG 893 546 898 546
DRAG 903 546 923 546
DRAG 928 546 968 546
DRAG 978 546 988 546
DRAG 993 546 1148 546
DRAG 1163 546 1173 546
DRAG 1188 546 1193 546
DRAG 1203 546 1238 546
DRAG 258 551 263 551
DRAG 268 551 273 551
DRAG 278 551 298 551
DRAG 323 551 333 551
DRAG 338 551 348 551
DRAG 403 551 438 551
DRAG 528 551 533 551
DRAG 578 551 663 551
DRAG 673 551 703 551
DRAG 773 551 788 551
DRAG 793 551 803 551
DRAG 808 551 818 551
DRAG 843 551 893 551
DRAG 898 551 913 551
DRAG 928 551 968 551
DRAG 993 551 1148 551
DRAG 1163 551 1178 551
DRAG 1188 551 1198 551
DRAG 1203 551 1238 551
DRAG 238 556 248 556
DRAG 278 556 303 556
DRAG 308 556 318 556
DRAG 328 556 333 556
DRAG 343 556 353 556
DRAG 373 556 378 556
DRAG 408 556 423 556
DRAG 518 556 528 556
DRAG 578 556 703 556
DRAG 773 556 798 556
DRAG 808 556 813 556
DRAG 818 556 828 556
DRAG 843 556 893 556
DRAG 898 556 913 556
DRAG 918 556 943 556
DRAG 948 556 978 556
DRAG 993 556 1148 556
DRAG 1168 556 1178 556
DRAG 1188 556 1193 556
DRAG 1203 556 1238 556
DRAG 238 561 253 561
DRAG 288 561 308 561
DRAG 313 561 343 561
DRAG 348 561 353 561
DRAG 378 561 383 561
DRAG 388 561 393 561
DRAG 408 561 418 561
DRAG 523 561 528 561
DRAG 573 561 703 561
DRAG 773 561 803 561
DRAG 823 561 828 561
DRAG 848 561 858 561
DRAG 863 561 888 561
DRAG 898 561 918 561
DRAG 923 561 988 561
DRAG 993 561 1178 561
DRAG 1183 561 1188 561
DRAG 1208 561 1238 561
DRAG 238 565 243 565
DRAG 263 565 283 565
DRAG 303 565 318 565
DRAG 323 565 338 565
DRAG 343 565 363 565
DRAG 378 565 383 565
DRAG 388 565 403 565
DRAG 578 565 583 565
DRAG 588 565 593 565
DRAG 608 565 703 565
DRAG 763 565 788 565
DRAG 793 565 808 565
DRAG 843 565 858 565
DRAG 863 565 888 565
DRAG 903 565 913 565
DRAG 923 565 948 565
DRAG 953 565 1148 565
DRAG 1153 565 1158 565
DRAG 1168 565 1178 565
DRAG 1208 565 1228 565
DRAG 238 570 253 570
DRAG 263 570 303 570
DRAG 328 570 333 570
DRAG 338 570 343 570
DRAG 348 570 353 570
DRAG 573 570 588 570
DRAG 608 570 698 570
DRAG 768 570 788 570
DRAG 793 570 798 570
DRAG 803 570 808 570
DRAG 823 570 828 570
DRAG 848 570 913 570
DRAG 923 570 958 570
DRAG 963 570 1028 570
DRAG 1033 570 1148 570
DRAG 1153 570 1168 570
DRAG 1198 570 1233 570
DRAG 238 575 253 575
DRAG 278 575 308 575
DRAG 333 575 338 575
DRAG 343 575 353 575
DRAG 573 575 578 575
DRAG 603 575 608 575
DRAG 623 575 713 575
DRAG 758 575 788 575
DRAG 808 575 833 575
DRAG 838 575 843 575
DRAG 848 575 868 575
DRAG 873 575 913 575
DRAG 918 575 1028 575
DRAG 1033 575 1168 575
DRAG 1188 575 1233 575
DRAG 238 580 248 580
DRAG 268 580 273 580
DRAG 278 580 303 580
DRAG 318 580 323 580
DRAG 388 580 393 580
DRAG 408 580 413 580
DRAG 428 580 458 580
DRAG 573 580 578 580
DRAG 588 580 593 580
DRAG 633 580 678 580
DRAG 683 580 713 580
DRAG 758 580 803 580
DRAG 813 580 823 580
DRAG 833 580 843 580
DRAG 848 580 883 580
DRAG 888 580 913 580
DRAG 918 580 958 580
DRAG 968 580 1028 580
DRAG 1033 580 1163 580
DRAG 1168 580 1198 580
DRAG 1203 580 1228 580
DRAG 1233 580 1238 580
DRAG 238 585 243 585
DRAG 263 585 303 585
DRAG 388 585 393 585
DRAG 408 585 423 585
DRAG 433 585 463 585
DRAG 473 585 478 585
DRAG 593 585 608 585
DRAG 613 585 618 585
DRAG 628 585 698 585
DRAG 703 585 713 585
DRAG 753 585 778 585
DRAG 783 585 788 585
DRAG 793 585 798 585
DRAG 803 585 823 585
DRAG 838 585 878 585
DRAG 888 585 963 585
DRAG 968 585 1028 585
DRAG 1038 585 1098 585
DRAG 1103 585 1183 585
DRAG 1203 585 1233 585
DRAG 243 590 253 590
DRAG 263 590 303 590
DRAG 308 590 313 590
DRAG 388 590 398 590
DRAG 408 590 423 590
DRAG 433 590 478 590
DRAG 488 590 493 590
DRAG 523 590 528 590
DRAG 538 590 548 590
DRAG 603 590 608 590
DRAG 613 590 703 590
DRAG 748 590 788 590
DRAG 793 590 798 590
DRAG 808 590 823 590
DRAG 838 590 848 590
DRAG 858 590 1033 590
DRAG 1038 590 1178 590
DRAG 1198 590 1233 590
DRAG 238 595 243 595
DRAG 253 595 258 595
DRAG 263 595 303 595
DRAG 308 595 313 595
DRAG 388 595 398 595
DRAG 403 595 423 595
DRAG 428 595 438 595
DRAG 443 595 458 595
DRAG 463 595 473 595
DRAG 488 595 493 595
DRAG 498 595 513 595
DRAG 533 595 543 595
DRAG 603 595 708 595
DRAG 743 595 778 595
DRAG 803 595 818 595
DRAG 833 595 883 595
DRAG 893 595 928 595
DRAG 933 595 968 595
DRAG 973 595 1163 595
DRAG 1168 595 1178 595
DRAG 1193 595 1198 595
DRAG 1203 595 1218 595
DRAG 1223 595 1238 595
DRAG 238 600 253 600
DRAG 258 600 308 600
DRAG 313 600 323 600
DRAG 403 600 413 600
DRAG 483 600 493 600
DRAG 498 600 503 600
DRAG 508 600 518 600
DRAG 618 600 713 600
DRAG 723 600 778 600
DRAG 783 600 798 600
DRAG 803 600 813 600
DRAG 833 600 858 600
DRAG 863 600 878 600
DRAG 883 600 923 600
DRAG 938 600 953 600
DRAG 958 600 988 600
DRAG 993 600 1033 600
DRAG 1038 600 1183 600
DRAG 1223 600 1233 600
DRAG 238 605 298 605
DRAG 313 605 318 605
DRAG 498 605 503 605
DRAG 533 605 538 605
DRAG 543 605 548 605
DRAG 583 605 588 605
DRAG 608 605 723 605
DRAG 728 605 778 605
DRAG 783 605 798 605
DRAG 803 605 818 605
DRAG 833 605 878 605
DRAG 883 605 928 605
DRAG 948 605 958 605
DRAG 963 605 988 605
DRAG 993 605 1033 605
DRAG 1043 605 1178 605
DRAG 263 610 318 610
DRAG 323 610 328 610
DRAG 333 610 343 610
DRAG 363 610 368 610
DRAG 383 610 388 610
DRAG 483 610 488 610
DRAG 498 610 503 610
DRAG 543 610 558 610
DRAG 613 610 713 610
DRAG 723 610 793 610
DRAG 808 610 823 610
DRAG 828 610 833 610
DRAG 838 610 853 610
DRAG 863 610 868 610
DRAG 873 610 883 610
DRAG 888 610 928 610
DRAG 933 610 1033 610
DRAG 1043 610 1178 610
DRAG 1188 610 1193 610
DRAG 238 615 243 615
DRAG 268 615 323 615
DRAG 328 615 348 615
DRAG 493 615 503 615
DRAG 518 615 523 615
DRAG 548 615 558 615
DRAG 578 615 583 615
DRAG 608 615 613 615
DRAG 623 615 713 615
DRAG 723 615 748 615
DRAG 753 615 788 615
DRAG 793 615 798 615
DRAG 803 615 818 615
DRAG 843 615 853 615
DRAG 858 615 923 615
DRAG 938 615 943 615
DRAG 948 615 1033 615
DRAG 1043 615 1153 615
DRAG 1158 615 1173 615
DRAG 283 620 338 620
DRAG 353 620 368 620
DRAG 373 620 388 620
DRAG 393 620 398 620
DRAG 523 620 528 620
DRAG 553 620 578 620
DRAG 583 620 588 620
DRAG 608 620 613 620
DRAG 618 620 623 620
DRAG 628 620 703 620
DRAG 733 620 813 620
DRAG 818 620 833 620
DRAG 843 620 853 620
DRAG 893 620 913 620
DRAG 918 620 933 620
DRAG 948 620 953 620
DRAG 983 620 1183 620
DRAG 288 625 293 625
DRAG 298 625 368 625
DRAG 373 625 398 625
DRAG 403 625 423 625
DRAG 483 625 518 625
DRAG 523 625 528 625
DRAG 533 625 538 625
DRAG 558 625 578 625
DRAG 618 625 623 625
DRAG 628 625 683 625
DRAG 733 625 748 625
DRAG 753 625 808 625
DRAG 823 625 833 625
DRAG 838 625 863 625
DRAG 868 625 908 625
DRAG 913 625 943 625
DRAG 948 625 1178 625
DRAG 1183 625 1188 625
DRAG 1218 625 1228 625
DRAG 248 630 253 630
DRAG 263 630 268 630
DRAG 283 630 293 630
DRAG 298 630 303 630
DRAG 308 630 353 630
DRAG 378 630 398 630
DRAG 413 630 428 630
DRAG 458 630 473 630
DRAG 483 630 523 630
DRAG 538 630 543 630
DRAG 618 630 673 630
DRAG 733 630 748 630
DRAG 753 630 828 630
DRAG 838 630 848 630
DRAG 853 630 903 630
DRAG 913 630 923 630
DRAG 928 630 1193 630
DRAG 1198 630 1208 630
DRAG 1213 630 1233 630
DRAG 258 635 303 635
DRAG 308 635 338 635
DRAG 343 635 348 635
DRAG 353 635 358 635
DRAG 363 635 368 635
DRAG 373 635 378 635
DRAG 383 635 403 635
DRAG 423 635 428 635
DRAG 458 635 473 635
DRAG 478 635 513 635
DRAG 523 635 533 635
DRAG 538 635 553 635
DRAG 558 635 568 635
DRAG 613 635 668 635
DRAG 753 635 813 635
DRAG 838 635 963 635
DRAG 968 635 1148 635
DRAG 1153 635 1183 635
DRAG 1198 635 1238 635
DRAG 243 639 253 639
DRAG 268 639 283 639
DRAG 288 639 333 639
DRAG 368 639 373 639
DRAG 388 639 408 639
DRAG 433 639 473 639
DRAG 478 639 483 639
DRAG 493 639 518 639
DRAG 523 639 548 639
DRAG 558 639 573 639
DRAG 603 639 608 639
DRAG 623 639 628 639
DRAG 633 639 638 639
DRAG 648 639 673 639
DRAG 758 639 778 639
DRAG 783 639 818 639
DRAG 823 639 828 639
DRAG 838 639 1108 639
DRAG 1118 639 1163 639
DRAG 1168 639 1183 639
DRAG 1203 639 1238 639
DRAG 273 644 313 644
DRAG 323 644 333 644
DRAG 343 644 348 644
DRAG 358 644 363 644
DRAG 368 644 378 644
DRAG 393 644 408 644
DRAG 418 644 428 644
DRAG 433 644 498 644
DRAG 528 644 553 644
DRAG 558 644 573 644
DRAG 593 644 623 644
DRAG 653 644 673 644
DRAG 718 644 743 644
DRAG 758 644 778 644
DRAG 783 644 798 644
DRAG 803 644 823 644
DRAG 838 644 898 644
DRAG 918 644 1143 644
DRAG 1148 644 1183 644
DRAG 1203 644 1238 644
DRAG 248 649 263 649
DRAG 273 649 303 649
DRAG 313 649 333 649
DRAG 358 649 373 649
DRAG 393 649 478 649
DRAG 508 649 513 649
DRAG 518 649 553 649
DRAG 558 649 563 649
DRAG 573 649 578 649
DRAG 598 649 613 649
DRAG 653 649 673 649
DRAG 713 649 718 649
DRAG 753 649 798 649
DRAG 813 649 823 649
DRAG 838 649 853 649
DRAG 863 649 868 649
DRAG 883 649 893 649
DRAG 913 649 923 649
DRAG 933 649 1033 649
DRAG 1043 649 1138 649
DRAG 1148 649 1168 649
DRAG 1173 649 1183 649
DRAG 1198 649 1213 649
DRAG 1223 649 1238 649
DRAG 258 654 293 654
DRAG 338 654 343 654
DRAG 358 654 368 654
DRAG 373 654 413 654
DRAG 423 654 433 654
DRAG 438 654 463 654
DRAG 508 654 513 654
DRAG 543 654 553 654
DRAG 563 654 568 654
DRAG 573 654 578 654
DRAG 598 654 608 654
DRAG 623 654 628 654
DRAG 643 654 678 654
DRAG 733 654 738 654
DRAG 758 654 778 654
DRAG 788 654 793 654
DRAG 818 654 823 654
DRAG 833 654 843 654
DRAG 853 654 858 654
DRAG 913 654 923 654
DRAG 928 654 1033 654
DRAG 1048 654 1128 654
DRAG 1138 654 1143 654
DRAG 1148 654 1183 654
DRAG 1208 654 1213 654
DRAG 1223 654 1238 654
DRAG 238 659 243 659
DRAG 253 659 268 659
DRAG 273 659 293 659
DRAG 343 659 348 659
DRAG 363 659 398 659
DRAG 443 659 453 659
DRAG 493 659 498 659
DRAG 518 659 523 659
DRAG 548 659 573 659
DRAG 618 659 633 659
DRAG 638 659 673 659
DRAG 763 659 778 659
DRAG 788 659 793 659
DRAG 813 659 828 659
DRAG 833 659 843 659
DRAG 848 659 863 659
DRAG 918 659 923 659
DRAG 928 659 1008 659
DRAG 1048 659 1158 659
DRAG 1163 659 1183 659
DRAG 1203 659 1213 659
DRAG 1223 659 1238 659
DRAG 238 664 273 664
DRAG 278 664 283 664
DRAG 303 664 323 664
DRAG 333 664 338 664
DRAG 343 664 358 664
DRAG 363 664 398 664
DRAG 408 664 413 664
DRAG 483 664 488 664
DRAG 493 664 533 664
DRAG 548 664 558 664
DRAG 608 664 618 664
DRAG 628 664 673 664
DRAG 818 664 828 664
DRAG 918 664 923 664
DRAG 928 664 943 664
DRAG 948 664 968 664
DRAG 973 664 1003 664
DRAG 1048 664 1158 664
DRAG 1163 664 1178 664
DRAG 1203 664 1213 664
DRAG 1223 664 1238 664
DRAG 238 669 248 669
DRAG 253 669 288 669
DRAG 293 669 318 669
DRAG 338 669 343 669
DRAG 348 669 353 669
DRAG 363 669 413 669
DRAG 468 669 473 669
DRAG 478 669 538 669
DRAG 568 669 573 669
DRAG 608 669 618 669
DRAG 628 669 668 669
DRAG 923 669 948 669
DRAG 963 669 983 669
DRAG 1053 669 1158 669
DRAG 1163 669 1188 669
DRAG 1203 669 1213 669
DRAG 1223 669 1238 669
DRAG 238 674 278 674
DRAG 283 674 288 674
DRAG 293 674 303 674
DRAG 308 674 318 674
DRAG 328 674 333 674
DRAG 338 674 343 674
DRAG 348 674 353 674
DRAG 363 674 418 674
DRAG 468 674 558 674
DRAG 563 674 588 674
DRAG 613 674 673 674
DRAG 918 674 928 674
DRAG 933 674 943 674
DRAG 968 674 973 674
DRAG 1053 674 1158 674
DRAG 1163 674 1188 674
DRAG 1193 674 1198 674
DRAG 1208 674 1218 674
DRAG 1223 674 1238 674
DRAG 238 679 273 679
DRAG 298 679 303 679
DRAG 323 679 353 679
DRAG 363 679 373 679
DRAG 378 679 413 679
DRAG 453 679 593 679
DRAG 603 679 608 679
DRAG 628 679 683 679
DRAG 923 679 933 679
DRAG 1058 679 1183 679
DRAG 1188 679 1198 679
DRAG 1203 679 1238 679
DRAG 253 684 278 684
DRAG 283 684 308 684
DRAG 323 684 363 684
DRAG 393 684 403 684
DRAG 428 684 433 684
DRAG 448 684 458 684
DRAG 473 684 583 684
DRAG 593 684 688 684
DRAG 903 684 938 684
DRAG 1058 684 1238 684
DRAG 278 689 318 689
DRAG 323 689 348 689
DRAG 353 689 358 689
DRAG 378 689 383 689
DRAG 398 689 408 689
DRAG 418 689 433 689
DRAG 473 689 558 689
DRAG 563 689 573 689
DRAG 593 689 598 689
DRAG 608 689 698 689
DRAG 903 689 963 689
DRAG 1058 689 1118 689
DRAG 1123 689 1173 689
DRAG 1178 689 1238 689
DRAG 238 694 243 694
DRAG 258 694 268 694
DRAG 278 694 343 694
DRAG 348 694 353 694
DRAG 368 694 393 694
DRAG 403 694 408 694
DRAG 423 694 433 694
DRAG 463 694 473 694
DRAG 478 694 553 694
DRAG 558 694 598 694
DRAG 608 694 703 694
DRAG 903 694 963 694
DRAG 973 694 998 694
DRAG 1053 694 1113 694
DRAG 1128 694 1163 694
DRAG 1173 694 1188 694
DRAG 1193 694 1238 694
DRAG 238 699 248 699
DRAG 273 699 283 699
DRAG 288 699 328 699
DRAG 353 699 388 699
DRAG 408 699 413 699
DRAG 418 699 428 699
DRAG 438 699 583 699
DRAG 588 699 598 699
DRAG 603 699 708 699
DRAG 973 699 1003 699
DRAG 1053 699 1068 699
DRAG 1073 699 1113 699
DRAG 1128 699 1188 699
DRAG 1193 699 1238 699
DRAG 238 704 248 704
DRAG 263 704 288 704
DRAG 293 704 333 704
DRAG 353 704 378 704
DRAG 388 704 428 704
DRAG 438 704 563 704
DRAG 578 704 583 704
DRAG 588 704 693 704
DRAG 698 704 703 704
DRAG 973 704 1028 704
DRAG 1053 704 1113 704
DRAG 1128 704 1238 704
DRAG 263 709 268 709
DRAG 273 709 288 709
DRAG 293 709 338 709
DRAG 353 709 368 709
DRAG 373 709 378 709
DRAG 393 709 568 709
DRAG 583 709 678 709
DRAG 958 709 963 709
DRAG 988 709 1018 709
DRAG 1038 709 1238 709
DRAG 248 713 253 713
DRAG 268 713 343 713
DRAG 348 713 358 713
DRAG 363 713 368 713
DRAG 373 713 383 713
DRAG 388 713 433 713
DRAG 438 713 563 713
DRAG 568 713 578 713
DRAG 588 713 673 713
DRAG 1038 713 1043 713
DRAG 1048 713 1238 713
DRAG 238 718 278 718
DRAG 293 718 323 718
DRAG 333 718 343 718
DRAG 348 718 358 718
DRAG 363 718 373 718
DRAG 383 718 398 718
DRAG 408 718 428 718
DRAG 433 718 558 718
DRAG 563 718 578 718
DRAG 583 718 593 718
DRAG 603 718 613 718
DRAG 618 718 623 718
DRAG 668 718 673 718
DRAG 1053 718 1178 718
DRAG 1188 718 1238 718
DRAG 238 723 273 723
DRAG 278 723 293 723
DRAG 303 723 333 723
DRAG 338 723 343 723
DRAG 348 723 428 723
DRAG 433 723 558 723
DRAG 1073 723 1213 723
DRAG 1228 723 1238 723
DRAG 238 728 258 728
DRAG 263 728 273 728
DRAG 278 728 298 728
DRAG 303 728 313 728
DRAG 318 728 343 728
DRAG 358 728 403 728
DRAG 408 728 568 728
DRAG 1103 728 1233 728
DRAG 238 733 298 733
DRAG 313 733 328 733
DRAG 333 733 348 733
DRAG 353 733 363 733
DRAG 368 733 413 733
DRAG 423 733 478 733
DRAG 483 733 573 733
DRAG 1108 733 1238 733
DRAG 238 738 348 738
DRAG 353 738 378 738
DRAG 388 738 408 738
DRAG 438 738 478 738
DRAG 483 738 568 738
DRAG 583 738 598 738
DRAG 1153 738 1208 738
DRAG 1218 738 1238 738
DRAG 238 743 248 743
DRAG 263 743 373 743
DRAG 383 743 403 743
DRAG 413 743 418 743
DRAG 428 743 598 743
DRAG 1183 743 1238 743
DRAG 243 748 248 748
DRAG 273 748 393 748
DRAG 398 748 598 748
DRAG 1228 748 1238 748
DRAG 238 753 253 753
DRAG 273 753 288 753
DRAG 293 753 593 753
DRAG 238 758 253 758
DRAG 268 758 573 758
DRAG 588 758 593 758
DRAG 238 763 248 763
DRAG 268 763 338 763
DRAG 343 763 363 763
DRAG 368 763 563 763
DRAG 568 763 573 763
DRAG 238 768 253 768
DRAG 268 768 558 768
DRAG 563 768 568 768
DRAG 253 773 258 773
DRAG 263 773 553 773
DRAG 238 778 553 778
DRAG 238 783 248 783
DRAG 253 783 353 783
DRAG 363 783 373 783
DRAG 378 783 538 783
DRAG 243 787 253 787
DRAG 258 787 353 787
DRAG 363 787 373 787
DRAG 378 787 413 787
DRAG 418 787 523 787
DRAG 238 792 248 792
DRAG 253 792 358 792
DRAG 363 792 503 792
DRAG 508 792 513 792
DRAG 668 792 673 792
DRAG 238 797 248 797
DRAG 253 797 323 797
DRAG 338 797 363 797
DRAG 368 797 508 797
DRAG 253 802 318 802
DRAG 343 802 373 802
DRAG 383 802 478 802
DRAG 488 802 493 802
DRAG 498 802 508 802
DRAG 518 802 528 802
DRAG 238 807 313 807
DRAG 338 807 363 807
DRAG 368 807 378 807
DRAG 383 807 443 807
DRAG 453 807 473 807
DRAG 493 807 498 807
DRAG 518 807 528 807
DRAG 243 812 313 812
DRAG 353 812 363 812
DRAG 368 812 393 812
DRAG 403 812 428 812
DRAG 448 812 473 812
DRAG 483 812 488 812
DRAG 523 812 528 812
DRAG 238 817 323 817
DRAG 358 817 373 817
DRAG 383 817 398 817
DRAG 408 817 493 817
DRAG 598 817 603 817
DRAG 238 822 248 822
DRAG 258 822 328 822
DRAG 358 822 403 822
DRAG 418 822 473 822
DRAG 478 822 493 822
DRAG 508 822 518 822
DRAG 263 827 328 827
DRAG 338 827 358 827
DRAG 363 827 438 827
DRAG 458 827 468 827
DRAG 483 827 493 827
DRAG 513 827 518 827
DRAG 263 832 303 832
DRAG 308 832 443 832
DRAG 463 832 468 832
DRAG 263 837 458 837
DRAG 263 842 433 842
DRAG 438 842 448 842
DRAG 453 842 458 842
DRAG 503 842 508 842
DRAG 983 842 988 842
DRAG 263 847 428 847
DRAG 448 847 453 847
DRAG 493 847 498 847
DRAG 508 847 523 847
DRAG 528 847 533 847
DRAG 563 847 568 847
DRAG 573 847 578 847
DRAG 688 847 693 847
DRAG 738 847 748 847
DRAG 918 847 923 847
DRAG 263 852 428 852
DRAG 498 852 503 852
DRAG 508 852 523 852
DRAG 553 852 558 852
DRAG 568 852 573 852
DRAG 678 852 683 852
DRAG 733 852 753 852
DRAG 913 852 928 852
DRAG 243 857 253 857
DRAG 263 857 303 857
DRAG 313 857 403 857
DRAG 408 857 428 857
DRAG 438 857 443 857
DRAG 493 857 503 857
DRAG 528 857 533 857
DRAG 568 857 573 857
DRAG 933 857 943 857
DRAG 248 861 253 861
DRAG 278 861 293 861
DRAG 298 861 303 861
DRAG 313 861 363 861
DRAG 373 861 393 861
DRAG 493 861 503 861
DRAG 663 861 668 861
DRAG 268 866 273 866
DRAG 278 866 303 866
DRAG 308 866 368 866
DRAG 378 866 403 866
DRAG 418 866 423 866
DRAG 428 866 433 866
DRAG 753 866 758 866
DRAG 843 866 853 866
DRAG 263 871 308 871
DRAG 318 871 363 871
DRAG 393 871 408 871
DRAG 458 871 468 871
DRAG 548 871 553 871
DRAG 848 871 853 871
DRAG 958 871 963 871
DRAG 258 876 368 876
DRAG 383 876 388 876
DRAG 393 876 398 876
DRAG 408 876 413 876
DRAG 438 876 468 876
DRAG 768 876 773 876
DRAG 848 876 858 876
DRAG 258 881 363 881
DRAG 383 881 433 881
DRAG 453 881 463 881
DRAG 753 881 758 881
DRAG 768 881 773 881
DRAG 258 886 363 886
DRAG 373 886 378 886
DRAG 383 886 393 886
DRAG 408 886 423 886
DRAG 433 886 443 886
DRAG 478 886 488 886
DRAG 543 886 548 886
DRAG 258 891 328 891
DRAG 333 891 348 891
DRAG 353 891 363 891
DRAG 373 891 378 891
DRAG 398 891 418 891
DRAG 483 891 488 891
DRAG 503 891 513 891
DRAG 748 891 753 891
DRAG 763 891 768 891
DRAG 968 891 978 891
DRAG 258 896 358 896
DRAG 363 896 368 896
DRAG 398 896 423 896
DRAG 498 896 508 896
DRAG 523 896 528 896
DRAG 563 896 568 896
DRAG 743 896 753 896
DRAG 968 896 978 896
DRAG 1073 896 1078 896
DRAG 258 901 403 901
DRAG 413 901 423 901
DRAG 438 901 443 901
DRAG 498 901 508 901
DRAG 743 901 753 901
DRAG 793 901 798 901
DRAG 958 901 963 901
DRAG 973 901 978 901
DRAG 258 906 413 906
DRAG 418 906 428 906
DRAG 438 906 443 906
DRAG 453 906 468 906
DRAG 493 906 498 906
DRAG 738 906 743 906
DRAG 788 906 793 906
DRAG 973 906 978 906
DRAG 258 911 383 911
DRAG 388 911 403 911
DRAG 413 911 418 911
DRAG 428 911 433 911
DRAG 438 911 448 911
DRAG 453 911 463 911
DRAG 513 911 518 911
DRAG 573 911 578 911
DRAG 758 911 763 911
DRAG 768 911 773 911
DRAG 1118 911 1123 911
DRAG 258 916 398 916
DRAG 423 916 428 916
DRAG 438 916 448 916
DRAG 523 916 528 916
DRAG 618 916 623 916
DRAG 703 916 708 916
DRAG 773 916 783 916
DRAG 903 916 908 916
DRAG 268 921 393 921
DRAG 423 921 428 921
DRAG 593 921 598 921
DRAG 703 921 713 921
DRAG 278 926 373 926
DRAG 378 926 408 926
DRAG 468 926 473 926
DRAG 563 926 568 926
DRAG 578 926 588 926
DRAG 603 926 618 926
DRAG 698 926 703 926
COL #4d6b3f
DRAG 388 191 413 191
DRAG 433 191 438 191
DRAG 443 191 448 191
DRAG 458 191 463 191
DRAG 478 191 483 191
DRAG 563 191 573 191
DRAG 578 191 583 191
DRAG 598 191 603 191
DRAG 613 191 618 191
DRAG 633 191 638 191
DRAG 643 191 648 191
DRAG 658 191 663 191
DRAG 388 195 403 195
DRAG 408 195 413 195
DRAG 418 195 423 195
DRAG 443 195 458 195
DRAG 468 195 478 195
DRAG 508 195 513 195
DRAG 558 195 563 195
DRAG 573 195 578 195
DRAG 593 195 608 195
DRAG 618 195 623 195
DRAG 638 195 648 195
DRAG 658 195 663 195
DRAG 383 200 393 200
DRAG 398 200 403 200
DRAG 408 200 418 200
DRAG 423 200 428 200
DRAG 443 200 448 200
DRAG 473 200 478 200
DRAG 503 200 508 200
DRAG 573 200 588 200
DRAG 598 200 603 200
DRAG 418 205 423 205
DRAG 438 205 443 205
DRAG 458 205 463 205
DRAG 503 205 508 205
DRAG 518 205 523 205
DRAG 618 205 623 205
DRAG 673 205 678 205
DRAG 383 210 388 210
DRAG 413 210 418 210
DRAG 423 210 428 210
DRAG 478 210 483 210
DRAG 518 210 523 210
DRAG 538 210 543 210
DRAG 553 210 558 210
DRAG 603 210 608 210
DRAG 623 210 633 210
DRAG 673 210 688 210
DRAG 378 215 383 215
DRAG 388 215 393 215
DRAG 418 215 423 215
DRAG 518 215 523 215
DRAG 538 215 553 215
DRAG 593 215 598 215
DRAG 628 215 633 215
DRAG 388 220 393 220
DRAG 523 220 528 220
DRAG 588 220 593 220
DRAG 598 220 603 220
DRAG 553 225 558 225
DRAG 618 225 623 225
DRAG 383 230 393 230
DRAG 553 230 563 230
DRAG 613 230 623 230
DRAG 243 245 253 245
DRAG 248 250 253 250
DRAG 248 255 258 255
DRAG 248 260 268 260
DRAG 258 265 278 265
DRAG 283 265 288 265
DRAG 313 265 323 265
DRAG 258 269 283 269
DRAG 318 269 323 269
DRAG 268 274 283 274
DRAG 263 279 278 279
DRAG 283 279 288 279
DRAG 258 284 263 284
DRAG 273 284 283 284
DRAG 293 294 298 294
DRAG 283 299 298 299
DRAG 288 304 293 304
DRAG 293 314 298 314
DRAG 298 319 303 319
DRAG 1023 324 1038 324
DRAG 613 329 618 329
DRAG 1018 329 1028 329
DRAG 608 334 613 334
DRAG 1018 334 1023 334
DRAG 283 343 308 343
DRAG 628 343 633 343
DRAG 238 348 243 348
DRAG 283 348 313 348
DRAG 628 348 638 348
DRAG 1008 348 1023 348
DRAG 1028 348 1038 348
DRAG 1043 348 1048 348
DRAG 258 353 263 353
DRAG 278 353 283 353
DRAG 288 353 318 353
DRAG 628 353 638 353
DRAG 998 353 1013 353
DRAG 1053 353 1058 353
DRAG 278 358 283 358
DRAG 288 358 298 358
DRAG 303 358 318 358
DRAG 998 358 1003 358
DRAG 1008 358 1013 358
DRAG 1063 358 1068 358
DRAG 293 363 298 363
DRAG 303 363 308 363
DRAG 313 363 318 363
DRAG 993 363 998 363
DRAG 303 368 323 368
DRAG 993 368 998 368
DRAG 1078 368 1083 368
DRAG 308 373 313 373
DRAG 328 373 333 373
DRAG 443 373 448 373
DRAG 588 373 593 373
DRAG 603 373 608 373
DRAG 643 373 648 373
DRAG 983 373 998 373
DRAG 1008 373 1013 373
DRAG 1073 373 1078 373
DRAG 1168 373 1173 373
DRAG 313 378 343 378
DRAG 443 378 453 378
DRAG 573 378 593 378
DRAG 988 378 998 378
DRAG 323 383 328 383
DRAG 333 383 343 383
DRAG 443 383 458 383
DRAG 578 383 593 383
DRAG 608 383 613 383
DRAG 633 383 643 383
DRAG 978 383 983 383
DRAG 1013 383 1023 383
DRAG 343 388 348 388
DRAG 433 388 443 388
DRAG 453 388 463 388
DRAG 573 388 578 388
DRAG 633 388 638 388
DRAG 978 388 983 388
DRAG 988 388 998 388
DRAG 433 393 443 393
DRAG 553 393 558 393
DRAG 563 393 573 393
DRAG 633 393 638 393
DRAG 648 393 653 393
DRAG 978 393 993 393
DRAG 313 398 318 398
DRAG 348 398 363 398
DRAG 428 398 438 398
DRAG 458 398 463 398
DRAG 548 398 558 398
DRAG 563 398 568 398
DRAG 588 398 593 398
DRAG 943 398 953 398
DRAG 968 398 978 398
DRAG 1093 398 1103 398
DRAG 308 403 313 403
DRAG 318 403 323 403
DRAG 348 403 363 403
DRAG 428 403 438 403
DRAG 548 403 568 403
DRAG 593 403 598 403
DRAG 653 403 658 403
DRAG 928 403 933 403
DRAG 938 403 948 403
DRAG 978 403 988 403
DRAG 1098 403 1103 403
DRAG 313 408 328 408
DRAG 428 408 433 408
DRAG 453 408 458 408
DRAG 543 408 573 408
DRAG 603 408 608 408
DRAG 653 408 663 408
DRAG 923 408 938 408
DRAG 978 408 983 408
DRAG 1128 408 1133 408
DRAG 1233 408 1238 408
DRAG 303 413 318 413
DRAG 373 413 378 413
DRAG 428 413 433 413
DRAG 538 413 568 413
DRAG 583 413 588 413
DRAG 913 413 938 413
DRAG 953 413 963 413
DRAG 983 413 988 413
DRAG 1143 413 1148 413
DRAG 363 417 383 417
DRAG 423 417 428 417
DRAG 543 417 548 417
DRAG 553 417 558 417
DRAG 653 417 658 417
DRAG 663 417 668 417
DRAG 908 417 918 417
DRAG 923 417 933 417
DRAG 953 417 968 417
DRAG 348 422 353 422
DRAG 358 422 378 422
DRAG 383 422 388 422
DRAG 408 422 413 422
DRAG 468 422 478 422
DRAG 538 422 548 422
DRAG 553 422 558 422
DRAG 588 422 593 422
DRAG 663 422 673 422
DRAG 908 422 933 422
DRAG 963 422 973 422
DRAG 283 427 288 427
DRAG 363 427 368 427
DRAG 373 427 393 427
DRAG 403 427 408 427
DRAG 468 427 483 427
DRAG 528 427 538 427
DRAG 553 427 558 427
DRAG 608 427 613 427
DRAG 623 427 638 427
DRAG 898 427 908 427
DRAG 913 427 923 427
DRAG 928 427 933 427
DRAG 938 427 943 427
DRAG 953 427 978 427
DRAG 1103 427 1108 427
DRAG 1143 427 1148 427
DRAG 368 432 378 432
DRAG 383 432 388 432
DRAG 398 432 408 432
DRAG 473 432 483 432
DRAG 538 432 553 432
DRAG 573 432 583 432
DRAG 618 432 633 432
DRAG 898 432 903 432
DRAG 908 432 918 432
DRAG 958 432 968 432
DRAG 358 437 378 437
DRAG 388 437 393 437
DRAG 428 437 443 437
DRAG 473 437 483 437
DRAG 533 437 538 437
DRAG 543 437 553 437
DRAG 573 437 578 437
DRAG 613 437 628 437
DRAG 893 437 903 437
DRAG 908 437 918 437
DRAG 958 437 968 437
DRAG 1018 437 1023 437
DRAG 1128 437 1133 437
DRAG 1228 437 1238 437
DRAG 238 442 243 442
DRAG 313 442 318 442
DRAG 358 442 408 442
DRAG 428 442 448 442
DRAG 518 442 538 442
DRAG 543 442 548 442
DRAG 578 442 583 442
DRAG 623 442 633 442
DRAG 653 442 658 442
DRAG 678 442 683 442
DRAG 893 442 913 442
DRAG 943 442 948 442
DRAG 953 442 963 442
DRAG 973 442 978 442
DRAG 1018 442 1023 442
DRAG 1123 442 1133 442
DRAG 1228 442 1238 442
DRAG 328 447 333 447
DRAG 363 447 383 447
DRAG 388 447 408 447
DRAG 433 447 438 447
DRAG 518 447 523 447
DRAG 528 447 538 447
DRAG 543 447 558 447
DRAG 568 447 573 447
DRAG 623 447 633 447
DRAG 658 447 663 447
DRAG 673 447 688 447
DRAG 868 447 873 447
DRAG 878 447 883 447
DRAG 893 447 898 447
DRAG 903 447 908 447
DRAG 948 447 958 447
DRAG 973 447 983 447
DRAG 1103 447 1113 447
DRAG 1123 447 1133 447
DRAG 1228 447 1238 447
DRAG 323 452 328 452
DRAG 368 452 378 452
DRAG 428 452 438 452
DRAG 528 452 538 452
DRAG 543 452 553 452
DRAG 558 452 568 452
DRAG 653 452 658 452
DRAG 673 452 688 452
DRAG 863 452 878 452
DRAG 893 452 898 452
DRAG 943 452 948 452
DRAG 953 452 963 452
DRAG 973 452 978 452
DRAG 1008 452 1013 452
DRAG 1118 452 1128 452
DRAG 1143 452 1148 452
DRAG 1228 452 1233 452
DRAG 238 457 243 457
DRAG 373 457 383 457
DRAG 428 457 443 457
DRAG 513 457 518 457
DRAG 528 457 543 457
DRAG 548 457 563 457
DRAG 578 457 583 457
DRAG 668 457 678 457
DRAG 858 457 878 457
DRAG 888 457 913 457
DRAG 938 457 948 457
DRAG 958 457 963 457
DRAG 1118 457 1123 457
DRAG 1188 457 1193 457
DRAG 363 462 388 462
DRAG 433 462 438 462
DRAG 513 462 518 462
DRAG 523 462 543 462
DRAG 548 462 558 462
DRAG 623 462 628 462
DRAG 863 462 873 462
DRAG 888 462 893 462
DRAG 898 462 913 462
DRAG 943 462 958 462
DRAG 1053 462 1058 462
DRAG 363 467 383 467
DRAG 513 467 523 467
DRAG 533 467 548 467
DRAG 653 467 663 467
DRAG 683 467 693 467
DRAG 853 467 858 467
DRAG 863 467 868 467
DRAG 878 467 893 467
DRAG 903 467 913 467
DRAG 928 467 933 467
DRAG 953 467 963 467
DRAG 1008 467 1013 467
DRAG 1128 467 1133 467
DRAG 1233 467 1238 467
DRAG 353 472 373 472
DRAG 493 472 498 472
DRAG 508 472 523 472
DRAG 528 472 538 472
DRAG 548 472 553 472
DRAG 643 472 648 472
DRAG 683 472 693 472
DRAG 853 472 863 472
DRAG 878 472 883 472
DRAG 908 472 913 472
DRAG 933 472 943 472
DRAG 363 477 368 477
DRAG 508 477 533 477
DRAG 543 477 558 477
DRAG 573 477 583 477
DRAG 688 477 693 477
DRAG 848 477 863 477
DRAG 908 477 913 477
DRAG 938 477 958 477
DRAG 1118 477 1128 477
DRAG 1153 477 1158 477
DRAG 1228 477 1238 477
DRAG 303 482 308 482
DRAG 483 482 488 482
DRAG 508 482 528 482
DRAG 553 482 558 482
DRAG 568 482 583 482
DRAG 648 482 653 482
DRAG 688 482 698 482
DRAG 833 482 838 482
DRAG 848 482 858 482
DRAG 938 482 953 482
DRAG 1228 482 1238 482
DRAG 303 487 318 487
DRAG 358 487 363 487
DRAG 393 487 418 487
DRAG 473 487 478 487
DRAG 483 487 493 487
DRAG 508 487 528 487
DRAG 568 487 573 487
DRAG 838 487 858 487
DRAG 863 487 878 487
DRAG 888 487 893 487
DRAG 923 487 933 487
DRAG 943 487 953 487
DRAG 1228 487 1238 487
DRAG 293 491 303 491
DRAG 368 491 373 491
DRAG 398 491 413 491
DRAG 418 491 423 491
DRAG 483 491 533 491
DRAG 543 491 553 491
DRAG 643 491 648 491
DRAG 698 491 703 491
DRAG 828 491 833 491
DRAG 838 491 858 491
DRAG 863 491 868 491
DRAG 873 491 878 491
DRAG 888 491 903 491
DRAG 928 491 933 491
DRAG 938 491 948 491
DRAG 1223 491 1238 491
DRAG 298 496 303 496
DRAG 413 496 418 496
DRAG 488 496 503 496
DRAG 508 496 513 496
DRAG 523 496 548 496
DRAG 683 496 688 496
DRAG 698 496 708 496
DRAG 833 496 858 496
DRAG 868 496 888 496
DRAG 893 496 903 496
DRAG 943 496 948 496
DRAG 953 496 958 496
DRAG 1113 496 1118 496
DRAG 1213 496 1238 496
DRAG 483 501 493 501
DRAG 503 501 508 501
DRAG 528 501 548 501
DRAG 558 501 563 501
DRAG 673 501 683 501
DRAG 703 501 708 501
DRAG 818 501 853 501
DRAG 868 501 873 501
DRAG 878 501 888 501
DRAG 918 501 923 501
DRAG 948 501 953 501
DRAG 1083 501 1088 501
DRAG 1203 501 1238 501
DRAG 238 506 258 506
DRAG 363 506 398 506
DRAG 453 506 458 506
DRAG 528 506 543 506
DRAG 668 506 678 506
DRAG 803 506 808 506
DRAG 818 506 848 506
DRAG 868 506 873 506
DRAG 918 506 923 506
DRAG 993 506 998 506
DRAG 1083 506 1088 506
DRAG 1093 506 1098 506
DRAG 1203 506 1208 506
DRAG 1213 506 1238 506
DRAG 238 511 253 511
DRAG 268 511 293 511
DRAG 348 511 353 511
DRAG 363 511 383 511
DRAG 388 511 398 511
DRAG 508 511 518 511
DRAG 523 511 543 511
DRAG 828 511 833 511
DRAG 868 511 878 511
DRAG 883 511 888 511
DRAG 1083 511 1098 511
DRAG 1208 511 1213 511
DRAG 1218 511 1228 511
DRAG 1233 511 1238 511
DRAG 238 516 243 516
DRAG 253 516 258 516
DRAG 268 516 293 516
DRAG 343 516 353 516
DRAG 358 516 378 516
DRAG 388 516 393 516
DRAG 503 516 518 516
DRAG 528 516 553 516
DRAG 698 516 703 516
DRAG 813 516 833 516
DRAG 858 516 863 516
DRAG 873 516 878 516
DRAG 883 516 888 516
DRAG 943 516 953 516
DRAG 1208 516 1228 516
DRAG 238 521 253 521
DRAG 258 521 263 521
DRAG 278 521 283 521
DRAG 288 521 298 521
DRAG 313 521 318 521
DRAG 333 521 358 521
DRAG 403 521 408 521
DRAG 503 521 513 521
DRAG 518 521 543 521
DRAG 568 521 573 521
DRAG 703 521 708 521
DRAG 813 521 818 521
DRAG 823 521 833 521
DRAG 858 521 878 521
DRAG 943 521 948 521
DRAG 1018 521 1028 521
DRAG 1193 521 1203 521
DRAG 1213 521 1218 521
DRAG 1223 521 1228 521
DRAG 243 526 253 526
DRAG 263 526 268 526
DRAG 323 526 353 526
DRAG 403 526 408 526
DRAG 498 526 508 526
DRAG 513 526 558 526
DRAG 568 526 573 526
DRAG 703 526 708 526
DRAG 788 526 793 526
DRAG 813 526 828 526
DRAG 853 526 873 526
DRAG 943 526 948 526
DRAG 1023 526 1028 526
DRAG 1193 526 1203 526
DRAG 1208 526 1213 526
DRAG 1218 526 1228 526
DRAG 253 531 258 531
DRAG 268 531 278 531
DRAG 323 531 353 531
DRAG 493 531 498 531
DRAG 518 531 538 531
DRAG 548 531 558 531
DRAG 563 531 573 531
DRAG 668 531 673 531
DRAG 703 531 708 531
DRAG 813 531 838 531
DRAG 858 531 873 531
DRAG 918 531 923 531
DRAG 938 531 953 531
DRAG 1218 531 1228 531
DRAG 268 536 273 536
DRAG 318 536 328 536
DRAG 333 536 348 536
DRAG 398 536 408 536
DRAG 493 536 498 536
DRAG 508 536 533 536
DRAG 543 536 558 536
DRAG 563 536 573 536
DRAG 783 536 788 536
DRAG 823 536 828 536
DRAG 833 536 843 536
DRAG 863 536 873 536
DRAG 898 536 908 536
DRAG 913 536 958 536
DRAG 1193 536 1208 536
DRAG 1223 536 1228 536
DRAG 238 541 243 541
DRAG 323 541 333 541
DRAG 403 541 413 541
DRAG 453 541 458 541
DRAG 493 541 503 541
DRAG 533 541 553 541
DRAG 563 541 568 541
DRAG 688 541 693 541
DRAG 698 541 703 541
DRAG 828 541 833 541
DRAG 843 541 848 541
DRAG 863 541 873 541
DRAG 898 541 918 541
DRAG 923 541 943 541
DRAG 1078 541 1088 541
DRAG 1193 541 1198 541
DRAG 1213 541 1223 541
DRAG 238 546 263 546
DRAG 328 546 333 546
DRAG 413 546 423 546
DRAG 483 546 498 546
DRAG 518 546 568 546
DRAG 698 546 703 546
DRAG 778 546 783 546
DRAG 818 546 833 546
DRAG 898 546 903 546
DRAG 923 546 928 546
DRAG 968 546 978 546
DRAG 1193 546 1203 546
DRAG 238 551 258 551
DRAG 263 551 268 551
DRAG 313 551 318 551
DRAG 333 551 338 551
DRAG 513 551 528 551
DRAG 533 551 543 551
DRAG 573 551 578 551
DRAG 663 551 673 551
DRAG 803 551 808 551
DRAG 818 551 828 551
DRAG 893 551 898 551
DRAG 918 551 928 551
DRAG 968 551 978 551
DRAG 1198 551 1203 551
DRAG 248 556 263 556
DRAG 318 556 328 556
DRAG 333 556 338 556
DRAG 358 556 363 556
DRAG 478 556 483 556
DRAG 488 556 493 556
DRAG 513 556 518 556
DRAG 548 556 558 556
DRAG 568 556 578 556
DRAG 703 556 708 556
DRAG 803 556 808 556
DRAG 813 556 818 556
DRAG 828 556 833 556
DRAG 893 556 898 556
DRAG 943 556 948 556
DRAG 1193 556 1203 556
DRAG 253 561 268 561
DRAG 483 561 488 561
DRAG 543 561 563 561
DRAG 568 561 573 561
DRAG 703 561 708 561
DRAG 713 561 723 561
DRAG 768 561 773 561
DRAG 803 561 823 561
DRAG 858 561 863 561
DRAG 888 561 898 561
DRAG 918 561 923 561
DRAG 988 561 993 561
DRAG 1203 561 1208 561
DRAG 293 565 303 565
DRAG 383 565 388 565
DRAG 523 565 528 565
DRAG 538 565 563 565
DRAG 703 565 718 565
DRAG 808 565 828 565
DRAG 858 565 863 565
DRAG 888 565 903 565
DRAG 913 565 923 565
DRAG 948 565 953 565
DRAG 1188 565 1208 565
DRAG 1228 565 1238 565
DRAG 333 570 338 570
DRAG 343 570 348 570
DRAG 353 570 363 570
DRAG 373 570 398 570
DRAG 498 570 503 570
DRAG 543 570 553 570
DRAG 698 570 718 570
DRAG 763 570 768 570
DRAG 808 570 823 570
DRAG 843 570 848 570
DRAG 913 570 923 570
DRAG 1188 570 1198 570
DRAG 1233 570 1238 570
DRAG 308 575 313 575
DRAG 338 575 343 575
DRAG 353 575 363 575
DRAG 373 575 398 575
DRAG 523 575 533 575
DRAG 543 575 568 575
DRAG 713 575 718 575
DRAG 843 575 848 575
DRAG 913 575 918 575
DRAG 1233 575 1238 575
DRAG 303 580 318 580
DRAG 323 580 333 580
DRAG 368 580 373 580
DRAG 393 580 408 580
DRAG 473 580 478 580
DRAG 548 580 573 580
DRAG 678 580 683 580
DRAG 713 580 723 580
DRAG 753 580 758 580
DRAG 823 580 828 580
DRAG 843 580 848 580
DRAG 913 580 918 580
DRAG 1198 580 1203 580
DRAG 1228 580 1233 580
DRAG 303 585 323 585
DRAG 383 585 388 585
DRAG 393 585 408 585
DRAG 468 585 473 585
DRAG 518 585 523 585
DRAG 533 585 558 585
DRAG 568 585 578 585
DRAG 698 585 703 585
DRAG 713 585 723 585
DRAG 798 585 803 585
DRAG 823 585 828 585
DRAG 1198 585 1203 585
DRAG 238 590 243 590
DRAG 303 590 308 590
DRAG 398 590 408 590
DRAG 533 590 538 590
DRAG 548 590 573 590
DRAG 588 590 603 590
DRAG 703 590 723 590
DRAG 848 590 858 590
DRAG 1233 590 1238 590
DRAG 243 595 253 595
DRAG 458 595 463 595
DRAG 523 595 533 595
DRAG 543 595 568 595
DRAG 578 595 583 595
DRAG 588 595 598 595
DRAG 708 595 733 595
DRAG 818 595 823 595
DRAG 883 595 893 595
DRAG 928 595 933 595
DRAG 1198 595 1203 595
DRAG 1218 595 1223 595
DRAG 253 600 258 600
DRAG 458 600 483 600
DRAG 503 600 508 600
DRAG 528 600 558 600
DRAG 563 600 573 600
DRAG 583 600 593 600
DRAG 713 600 723 600
DRAG 813 600 818 600
DRAG 858 600 863 600
DRAG 928 600 938 600
DRAG 1183 600 1223 600
DRAG 1233 600 1238 600
DRAG 468 605 483 605
DRAG 488 605 493 605
DRAG 528 605 533 605
DRAG 538 605 543 605
DRAG 548 605 568 605
DRAG 573 605 578 605
DRAG 878 605 883 605
DRAG 928 605 948 605
DRAG 958 605 963 605
DRAG 1188 605 1213 605
DRAG 1218 605 1238 605
DRAG 238 610 243 610
DRAG 258 610 263 610
DRAG 388 610 393 610
DRAG 448 610 453 610
DRAG 468 610 483 610
DRAG 488 610 493 610
DRAG 528 610 543 610
DRAG 583 610 593 610
DRAG 603 610 613 610
DRAG 833 610 838 610
DRAG 883 610 888 610
DRAG 928 610 933 610
DRAG 1208 610 1238 610
DRAG 243 615 268 615
DRAG 348 615 353 615
DRAG 388 615 393 615
DRAG 468 615 478 615
DRAG 483 615 493 615
DRAG 503 615 518 615
DRAG 523 615 548 615
DRAG 558 615 568 615
DRAG 573 615 578 615
DRAG 583 615 588 615
DRAG 593 615 598 615
DRAG 603 615 608 615
DRAG 798 615 803 615
DRAG 853 615 858 615
DRAG 1183 615 1208 615
DRAG 1213 615 1238 615
DRAG 238 620 283 620
DRAG 348 620 353 620
DRAG 483 620 493 620
DRAG 498 620 523 620
DRAG 528 620 543 620
DRAG 548 620 553 620
DRAG 578 620 583 620
DRAG 588 620 598 620
DRAG 603 620 608 620
DRAG 853 620 893 620
DRAG 1193 620 1208 620
DRAG 1213 620 1238 620
DRAG 243 625 258 625
DRAG 268 625 273 625
DRAG 283 625 288 625
DRAG 478 625 483 625
DRAG 518 625 523 625
DRAG 528 625 533 625
DRAG 538 625 543 625
DRAG 553 625 558 625
DRAG 578 625 593 625
DRAG 598 625 608 625
DRAG 863 625 868 625
DRAG 943 625 948 625
DRAG 1188 625 1218 625
DRAG 1228 625 1238 625
DRAG 238 630 248 630
DRAG 253 630 263 630
DRAG 268 630 283 630
DRAG 373 630 378 630
DRAG 443 630 448 630
DRAG 473 630 483 630
DRAG 523 630 538 630
DRAG 543 630 618 630
DRAG 1208 630 1213 630
DRAG 1233 630 1238 630
DRAG 238 635 258 635
DRAG 368 635 373 635
DRAG 378 635 383 635
DRAG 433 635 458 635
DRAG 473 635 478 635
DRAG 533 635 538 635
DRAG 553 635 558 635
DRAG 568 635 578 635
DRAG 583 635 613 635
DRAG 813 635 818 635
DRAG 963 635 968 635
DRAG 238 639 243 639
DRAG 253 639 268 639
DRAG 358 639 368 639
DRAG 373 639 388 639
DRAG 428 639 433 639
DRAG 473 639 478 639
DRAG 518 639 523 639
DRAG 548 639 558 639
DRAG 573 639 583 639
DRAG 593 639 598 639
DRAG 608 639 613 639
DRAG 618 639 623 639
DRAG 1163 639 1168 639
DRAG 243 644 273 644
DRAG 363 644 368 644
DRAG 378 644 393 644
DRAG 408 644 418 644
DRAG 428 644 433 644
DRAG 513 644 528 644
DRAG 553 644 558 644
DRAG 573 644 588 644
DRAG 1143 644 1148 644
DRAG 238 649 248 649
DRAG 263 649 273 649
DRAG 308 649 313 649
DRAG 343 649 348 649
DRAG 373 649 378 649
DRAG 383 649 393 649
DRAG 513 649 518 649
DRAG 553 649 558 649
DRAG 563 649 573 649
DRAG 578 649 598 649
DRAG 613 649 623 649
DRAG 673 649 678 649
DRAG 728 649 743 649
DRAG 828 649 833 649
DRAG 853 649 858 649
DRAG 923 649 928 649
DRAG 1143 649 1148 649
DRAG 1213 649 1223 649
DRAG 238 654 258 654
DRAG 293 654 298 654
DRAG 328 654 338 654
DRAG 343 654 348 654
DRAG 413 654 418 654
DRAG 463 654 468 654
DRAG 513 654 543 654
DRAG 553 654 563 654
DRAG 568 654 573 654
DRAG 578 654 593 654
DRAG 608 654 623 654
DRAG 753 654 758 654
DRAG 923 654 928 654
DRAG 1128 654 1138 654
DRAG 1143 654 1148 654
DRAG 1213 654 1223 654
DRAG 243 659 253 659
DRAG 268 659 273 659
DRAG 293 659 303 659
DRAG 313 659 318 659
DRAG 323 659 343 659
DRAG 398 659 423 659
DRAG 453 659 468 659
DRAG 488 659 493 659
DRAG 498 659 518 659
DRAG 523 659 548 659
DRAG 573 659 598 659
DRAG 603 659 618 659
DRAG 923 659 928 659
DRAG 1213 659 1223 659
DRAG 283 664 303 664
DRAG 323 664 328 664
DRAG 338 664 343 664
DRAG 443 664 453 664
DRAG 463 664 483 664
DRAG 488 664 493 664
DRAG 533 664 548 664
DRAG 558 664 593 664
DRAG 603 664 608 664
DRAG 923 664 928 664
DRAG 1218 664 1223 664
DRAG 248 669 253 669
DRAG 288 669 293 669
DRAG 353 669 358 669
DRAG 413 669 428 669
DRAG 438 669 453 669
DRAG 458 669 468 669
DRAG 473 669 478 669
DRAG 538 669 568 669
DRAG 573 669 608 669
DRAG 918 669 923 669
DRAG 1213 669 1223 669
DRAG 278 674 283 674
DRAG 288 674 293 674
DRAG 303 674 308 674
DRAG 343 674 348 674
DRAG 418 674 433 674
DRAG 438 674 468 674
DRAG 558 674 563 674
DRAG 588 674 593 674
DRAG 598 674 608 674
DRAG 1218 674 1223 674
DRAG 273 679 298 679
DRAG 303 679 323 679
DRAG 353 679 358 679
DRAG 418 679 453 679
DRAG 593 679 603 679
DRAG 608 679 628 679
DRAG 238 684 253 684
DRAG 278 684 283 684
DRAG 308 684 323 684
DRAG 403 684 428 684
DRAG 438 684 448 684
DRAG 583 684 593 684
DRAG 688 684 698 684
DRAG 238 689 278 689
DRAG 318 689 323 689
DRAG 348 689 353 689
DRAG 373 689 378 689
DRAG 383 689 398 689
DRAG 413 689 418 689
DRAG 433 689 463 689
DRAG 468 689 473 689
DRAG 558 689 563 689
DRAG 573 689 593 689
DRAG 598 689 608 689
DRAG 698 689 703 689
DRAG 243 694 258 694
DRAG 268 694 278 694
DRAG 343 694 348 694
DRAG 393 694 403 694
DRAG 408 694 413 694
DRAG 418 694 423 694
DRAG 433 694 463 694
DRAG 553 694 558 694
DRAG 598 694 608 694
DRAG 703 694 713 694
DRAG 248 699 273 699
DRAG 283 699 288 699
DRAG 328 699 353 699
DRAG 388 699 408 699
DRAG 583 699 588 699
DRAG 598 699 603 699
DRAG 708 699 718 699
DRAG 248 704 263 704
DRAG 288 704 293 704
DRAG 333 704 353 704
DRAG 378 704 388 704
DRAG 563 704 578 704
DRAG 583 704 588 704
DRAG 693 704 698 704
DRAG 703 704 713 704
DRAG 238 709 243 709
DRAG 248 709 263 709
DRAG 268 709 273 709
DRAG 288 709 293 709
DRAG 338 709 343 709
DRAG 378 709 383 709
DRAG 388 709 393 709
DRAG 568 709 583 709
DRAG 678 709 713 709
DRAG 728 709 733 709
DRAG 238 713 248 713
DRAG 253 713 268 713
DRAG 358 713 363 713
DRAG 368 713 373 713
DRAG 563 713 568 713
DRAG 578 713 588 713
DRAG 673 713 708 713
DRAG 728 713 733 713
DRAG 743 713 748 713
DRAG 778 713 783 713
DRAG 278 718 293 718
DRAG 358 718 363 718
DRAG 373 718 383 718
DRAG 398 718 408 718
DRAG 428 718 433 718
DRAG 558 718 563 718
DRAG 578 718 583 718
DRAG 593 718 603 718
DRAG 613 718 618 718
DRAG 623 718 668 718
DRAG 673 718 708 718
DRAG 718 718 723 718
DRAG 743 718 748 718
DRAG 293 723 303 723
DRAG 343 723 348 723
DRAG 558 723 623 723
DRAG 673 723 698 723
DRAG 713 723 718 723
DRAG 743 723 763 723
DRAG 258 728 263 728
DRAG 273 728 278 728
DRAG 298 728 303 728
DRAG 343 728 358 728
DRAG 403 728 408 728
DRAG 568 728 613 728
DRAG 698 728 703 728
DRAG 728 728 738 728
DRAG 758 728 763 728
DRAG 778 728 783 728
DRAG 298 733 313 733
DRAG 348 733 353 733
DRAG 363 733 368 733
DRAG 573 733 608 733
DRAG 633 733 648 733
DRAG 703 733 708 733
DRAG 748 733 753 733
DRAG 348 738 353 738
DRAG 378 738 388 738
DRAG 423 738 438 738
DRAG 568 738 583 738
DRAG 598 738 608 738
DRAG 613 738 618 738
DRAG 658 738 663 738
DRAG 748 738 753 738
DRAG 778 738 783 738
DRAG 1208 738 1218 738
DRAG 373 743 383 743
DRAG 418 743 428 743
DRAG 598 743 613 743
DRAG 618 743 623 743
DRAG 778 743 783 743
DRAG 393 748 398 748
DRAG 598 748 628 748
DRAG 643 748 648 748
DRAG 658 748 663 748
DRAG 773 748 783 748
DRAG 288 753 293 753
DRAG 593 753 603 753
DRAG 633 753 643 753
DRAG 653 753 658 753
DRAG 678 753 703 753
DRAG 768 753 778 753
DRAG 573 758 588 758
DRAG 593 758 603 758
DRAG 608 758 618 758
DRAG 638 758 648 758
DRAG 693 758 703 758
DRAG 713 758 718 758
DRAG 768 758 773 758
DRAG 813 758 823 758
DRAG 338 763 343 763
DRAG 363 763 368 763
DRAG 563 763 568 763
DRAG 573 763 583 763
DRAG 608 763 623 763
DRAG 638 763 643 763
DRAG 648 763 653 763
DRAG 658 763 663 763
DRAG 693 763 698 763
DRAG 708 763 718 763
DRAG 813 763 833 763
DRAG 843 763 848 763
DRAG 558 768 563 768
DRAG 568 768 578 768
DRAG 583 768 588 768
DRAG 593 768 603 768
DRAG 618 768 623 768
DRAG 658 768 663 768
DRAG 693 768 698 768
DRAG 708 768 718 768
DRAG 733 768 738 768
DRAG 813 768 833 768
DRAG 843 768 848 768
DRAG 853 768 858 768
DRAG 238 773 253 773
DRAG 553 773 603 773
DRAG 618 773 633 773
DRAG 653 773 673 773
DRAG 683 773 703 773
DRAG 733 773 738 773
DRAG 743 773 748 773
DRAG 818 773 828 773
DRAG 848 773 858 773
DRAG 553 778 608 778
DRAG 623 778 633 778
DRAG 638 778 643 778
DRAG 683 778 688 778
DRAG 693 778 708 778
DRAG 743 778 748 778
DRAG 788 778 793 778
DRAG 803 778 828 778
DRAG 833 778 843 778
DRAG 868 778 873 778
DRAG 893 778 908 778
DRAG 538 783 578 783
DRAG 583 783 633 783
DRAG 698 783 703 783
DRAG 723 783 728 783
DRAG 758 783 763 783
DRAG 773 783 778 783
DRAG 788 783 798 783
DRAG 808 783 823 783
DRAG 828 783 843 783
DRAG 523 787 543 787
DRAG 568 787 573 787
DRAG 578 787 593 787
DRAG 603 787 633 787
DRAG 663 787 688 787
DRAG 718 787 728 787
DRAG 773 787 798 787
DRAG 813 787 818 787
DRAG 823 787 828 787
DRAG 873 787 878 787
DRAG 888 787 898 787
DRAG 503 792 508 792
DRAG 513 792 543 792
DRAG 553 792 578 792
DRAG 583 792 598 792
DRAG 613 792 623 792
DRAG 663 792 668 792
DRAG 673 792 693 792
DRAG 768 792 773 792
DRAG 788 792 798 792
DRAG 848 792 868 792
DRAG 873 792 898 792
DRAG 508 797 513 797
DRAG 523 797 528 797
DRAG 553 797 563 797
DRAG 568 797 608 797
DRAG 648 797 658 797
DRAG 663 797 668 797
DRAG 673 797 678 797
DRAG 683 797 713 797
DRAG 743 797 753 797
DRAG 763 797 778 797
DRAG 808 797 813 797
DRAG 818 797 823 797
DRAG 833 797 868 797
DRAG 878 797 903 797
DRAG 238 802 243 802
DRAG 478 802 488 802
DRAG 493 802 498 802
DRAG 508 802 518 802
DRAG 538 802 543 802
DRAG 563 802 573 802
DRAG 578 802 583 802
DRAG 588 802 593 802
DRAG 598 802 608 802
DRAG 618 802 623 802
DRAG 638 802 668 802
DRAG 678 802 723 802
DRAG 743 802 758 802
DRAG 763 802 768 802
DRAG 818 802 823 802
DRAG 838 802 848 802
DRAG 863 802 873 802
DRAG 878 802 913 802
DRAG 473 807 493 807
DRAG 498 807 518 807
DRAG 528 807 558 807
DRAG 593 807 598 807
DRAG 613 807 668 807
DRAG 683 807 693 807
DRAG 728 807 733 807
DRAG 743 807 758 807
DRAG 788 807 793 807
DRAG 803 807 808 807
DRAG 823 807 828 807
DRAG 883 807 918 807
DRAG 923 807 928 807
DRAG 478 812 483 812
DRAG 488 812 523 812
DRAG 528 812 548 812
DRAG 553 812 578 812
DRAG 593 812 598 812
DRAG 613 812 668 812
DRAG 718 812 723 812
DRAG 728 812 738 812
DRAG 778 812 788 812
DRAG 823 812 828 812
DRAG 863 812 878 812
DRAG 888 812 928 812
DRAG 493 817 498 817
DRAG 503 817 543 817
DRAG 548 817 583 817
DRAG 593 817 598 817
DRAG 603 817 608 817
DRAG 623 817 653 817
DRAG 693 817 698 817
DRAG 708 817 713 817
DRAG 733 817 738 817
DRAG 763 817 788 817
DRAG 818 817 833 817
DRAG 863 817 883 817
DRAG 888 817 933 817
DRAG 473 822 478 822
DRAG 493 822 508 822
DRAG 518 822 523 822
DRAG 528 822 543 822
DRAG 573 822 593 822
DRAG 603 822 613 822
DRAG 623 822 643 822
DRAG 668 822 698 822
DRAG 703 822 713 822
DRAG 733 822 743 822
DRAG 768 822 788 822
DRAG 813 822 828 822
DRAG 868 822 918 822
DRAG 438 827 453 827
DRAG 473 827 483 827
DRAG 493 827 513 827
DRAG 518 827 523 827
DRAG 558 827 563 827
DRAG 593 827 598 827
DRAG 603 827 643 827
DRAG 663 827 683 827
DRAG 693 827 703 827
DRAG 723 827 728 827
DRAG 733 827 743 827
DRAG 748 827 753 827
DRAG 783 827 793 827
DRAG 803 827 808 827
DRAG 818 827 833 827
DRAG 853 827 863 827
DRAG 868 827 918 827
DRAG 923 827 933 827
DRAG 443 832 453 832
DRAG 458 832 463 832
DRAG 468 832 473 832
DRAG 478 832 483 832
DRAG 493 832 503 832
DRAG 513 832 528 832
DRAG 553 832 578 832
DRAG 588 832 598 832
DRAG 613 832 618 832
DRAG 623 832 628 832
DRAG 653 832 658 832
DRAG 708 832 713 832
DRAG 723 832 748 832
DRAG 763 832 768 832
DRAG 798 832 803 832
DRAG 818 832 833 832
DRAG 838 832 843 832
DRAG 878 832 888 832
DRAG 893 832 933 832
DRAG 458 837 478 837
DRAG 498 837 508 837
DRAG 523 837 543 837
DRAG 558 837 588 837
DRAG 593 837 598 837
DRAG 603 837 618 837
DRAG 643 837 658 837
DRAG 703 837 728 837
DRAG 738 837 753 837
DRAG 763 837 778 837
DRAG 813 837 838 837
DRAG 848 837 858 837
DRAG 908 837 933 837
DRAG 433 842 438 842
DRAG 448 842 453 842
DRAG 468 842 488 842
DRAG 498 842 503 842
DRAG 513 842 593 842
DRAG 633 842 653 842
DRAG 668 842 678 842
DRAG 688 842 693 842
DRAG 698 842 723 842
DRAG 728 842 758 842
DRAG 773 842 788 842
DRAG 813 842 818 842
DRAG 828 842 833 842
DRAG 853 842 863 842
DRAG 893 842 938 842
DRAG 943 842 953 842
DRAG 963 842 973 842
DRAG 978 842 983 842
DRAG 988 842 998 842
DRAG 428 847 448 847
DRAG 468 847 478 847
DRAG 483 847 493 847
DRAG 498 847 508 847
DRAG 523 847 528 847
DRAG 533 847 538 847
DRAG 543 847 563 847
DRAG 568 847 573 847
DRAG 578 847 598 847
DRAG 633 847 688 847
DRAG 698 847 708 847
DRAG 713 847 738 847
DRAG 748 847 753 847
DRAG 818 847 823 847
DRAG 903 847 918 847
DRAG 923 847 958 847
DRAG 963 847 978 847
DRAG 428 852 453 852
DRAG 468 852 473 852
DRAG 478 852 498 852
DRAG 503 852 508 852
DRAG 523 852 553 852
DRAG 558 852 568 852
DRAG 573 852 593 852
DRAG 598 852 608 852
DRAG 618 852 623 852
DRAG 633 852 648 852
DRAG 663 852 678 852
DRAG 683 852 698 852
DRAG 703 852 718 852
DRAG 723 852 733 852
DRAG 753 852 763 852
DRAG 778 852 783 852
DRAG 833 852 843 852
DRAG 848 852 853 852
DRAG 898 852 903 852
DRAG 908 852 913 852
DRAG 928 852 978 852
DRAG 303 857 313 857
DRAG 403 857 408 857
DRAG 428 857 438 857
DRAG 443 857 473 857
DRAG 478 857 493 857
DRAG 503 857 528 857
DRAG 533 857 568 857
DRAG 573 857 598 857
DRAG 608 857 618 857
DRAG 623 857 653 857
DRAG 658 857 673 857
DRAG 678 857 688 857
DRAG 698 857 723 857
DRAG 728 857 738 857
DRAG 743 857 768 857
DRAG 783 857 788 857
DRAG 798 857 803 857
DRAG 838 857 853 857
DRAG 858 857 863 857
DRAG 898 857 913 857
DRAG 918 857 933 857
DRAG 943 857 968 857
DRAG 268 861 278 861
DRAG 293 861 298 861
DRAG 303 861 313 861
DRAG 363 861 373 861
DRAG 393 861 458 861
DRAG 468 861 473 861
DRAG 478 861 493 861
DRAG 503 861 518 861
DRAG 533 861 553 861
DRAG 558 861 578 861
DRAG 598 861 613 861
DRAG 618 861 643 861
DRAG 648 861 663 861
DRAG 668 861 683 861
DRAG 688 861 703 861
DRAG 713 861 718 861
DRAG 723 861 773 861
DRAG 783 861 788 861
DRAG 793 861 798 861
DRAG 813 861 818 861
DRAG 828 861 858 861
DRAG 898 861 903 861
DRAG 923 861 928 861
DRAG 933 861 968 861
DRAG 273 866 278 866
DRAG 303 866 308 866
DRAG 368 866 378 866
DRAG 403 866 418 866
DRAG 423 866 428 866
DRAG 433 866 438 866
DRAG 443 866 468 866
DRAG 478 866 503 866
DRAG 513 866 523 866
DRAG 533 866 543 866
DRAG 548 866 563 866
DRAG 598 866 608 866
DRAG 618 866 633 866
DRAG 643 866 648 866
DRAG 653 866 658 866
DRAG 673 866 708 866
DRAG 713 866 728 866
DRAG 738 866 743 866
DRAG 748 866 753 866
DRAG 758 866 773 866
DRAG 808 866 818 866
DRAG 828 866 843 866
DRAG 853 866 868 866
DRAG 898 866 903 866
DRAG 933 866 963 866
DRAG 978 866 983 866
DRAG 308 871 318 871
DRAG 363 871 393 871
DRAG 408 871 458 871
DRAG 468 871 493 871
DRAG 508 871 528 871
DRAG 553 871 558 871
DRAG 563 871 583 871
DRAG 588 871 608 871
DRAG 623 871 638 871
DRAG 643 871 663 871
DRAG 668 871 683 871
DRAG 693 871 703 871
DRAG 708 871 718 871
DRAG 723 871 743 871
DRAG 748 871 778 871
DRAG 833 871 848 871
DRAG 853 871 858 871
DRAG 863 871 878 871
DRAG 893 871 908 871
DRAG 913 871 923 871
DRAG 943 871 958 871
DRAG 963 871 968 871
DRAG 978 871 998 871
DRAG 1023 871 1043 871
DRAG 1053 871 1078 871
DRAG 368 876 383 876
DRAG 388 876 393 876
DRAG 398 876 408 876
DRAG 413 876 418 876
DRAG 428 876 438 876
DRAG 468 876 483 876
DRAG 488 876 498 876
DRAG 503 876 513 876
DRAG 523 876 583 876
DRAG 598 876 608 876
DRAG 613 876 618 876
DRAG 623 876 633 876
DRAG 653 876 683 876
DRAG 708 876 723 876
DRAG 728 876 743 876
DRAG 753 876 768 876
DRAG 773 876 783 876
DRAG 813 876 823 876
DRAG 833 876 848 876
DRAG 858 876 878 876
DRAG 888 876 893 876
DRAG 898 876 923 876
DRAG 933 876 938 876
DRAG 948 876 953 876
DRAG 968 876 973 876
DRAG 983 876 993 876
DRAG 998 876 1018 876
DRAG 1023 876 1043 876
DRAG 1048 876 1078 876
DRAG 1083 876 1098 876
DRAG 363 881 383 881
DRAG 433 881 453 881
DRAG 463 881 473 881
DRAG 483 881 503 881
DRAG 513 881 518 881
DRAG 528 881 533 881
DRAG 548 881 568 881
DRAG 578 881 588 881
DRAG 598 881 603 881
DRAG 613 881 618 881
DRAG 663 881 673 881
DRAG 678 881 693 881
DRAG 698 881 723 881
DRAG 733 881 753 881
DRAG 758 881 768 881
DRAG 773 881 793 881
DRAG 818 881 833 881
DRAG 848 881 863 881
DRAG 873 881 908 881
DRAG 918 881 923 881
DRAG 928 881 978 881
DRAG 983 881 1008 881
DRAG 1028 881 1048 881
DRAG 1053 881 1103 881
DRAG 1183 881 1188 881
DRAG 1193 881 1203 881
DRAG 1228 881 1238 881
DRAG 363 886 373 886
DRAG 378 886 383 886
DRAG 393 886 408 886
DRAG 423 886 433 886
DRAG 443 886 463 886
DRAG 473 886 478 886
DRAG 488 886 493 886
DRAG 503 886 508 886
DRAG 513 886 543 886
DRAG 548 886 553 886
DRAG 558 886 603 886
DRAG 608 886 613 886
DRAG 638 886 643 886
DRAG 668 886 703 886
DRAG 708 886 733 886
DRAG 738 886 798 886
DRAG 893 886 988 886
DRAG 993 886 1003 886
DRAG 1018 886 1023 886
DRAG 1038 886 1118 886
DRAG 1123 886 1133 886
DRAG 1143 886 1148 886
DRAG 1188 886 1193 886
DRAG 1228 886 1238 886
DRAG 328 891 333 891
DRAG 348 891 353 891
DRAG 363 891 373 891
DRAG 378 891 398 891
DRAG 418 891 458 891
DRAG 473 891 483 891
DRAG 488 891 503 891
DRAG 513 891 533 891
DRAG 563 891 583 891
DRAG 588 891 603 891
DRAG 623 891 633 891
DRAG 678 891 693 891
DRAG 703 891 708 891
DRAG 723 891 748 891
DRAG 753 891 763 891
DRAG 768 891 803 891
DRAG 823 891 828 891
DRAG 903 891 968 891
DRAG 978 891 1003 891
DRAG 1008 891 1018 891
DRAG 1038 891 1048 891
DRAG 1053 891 1103 891
DRAG 1118 891 1123 891
DRAG 1133 891 1138 891
DRAG 1153 891 1158 891
DRAG 358 896 363 896
DRAG 368 896 398 896
DRAG 423 896 443 896
DRAG 453 896 498 896
DRAG 508 896 523 896
DRAG 528 896 548 896
DRAG 558 896 563 896
DRAG 568 896 573 896
DRAG 593 896 598 896
DRAG 613 896 623 896
DRAG 628 896 643 896
DRAG 658 896 663 896
DRAG 688 896 703 896
DRAG 708 896 743 896
DRAG 753 896 813 896
DRAG 853 896 868 896
DRAG 878 896 883 896
DRAG 888 896 893 896
DRAG 923 896 968 896
DRAG 978 896 998 896
DRAG 1003 896 1008 896
DRAG 1018 896 1028 896
DRAG 1033 896 1038 896
DRAG 1043 896 1058 896
DRAG 1063 896 1073 896
DRAG 1078 896 1098 896
DRAG 1113 896 1118 896
DRAG 1123 896 1133 896
DRAG 403 901 413 901
DRAG 423 901 438 901
DRAG 443 901 498 901
DRAG 508 901 558 901
DRAG 563 901 573 901
DRAG 593 901 623 901
DRAG 638 901 648 901
DRAG 653 901 668 901
DRAG 673 901 678 901
DRAG 683 901 743 901
DRAG 753 901 793 901
DRAG 808 901 813 901
DRAG 818 901 823 901
DRAG 833 901 843 901
DRAG 853 901 863 901
DRAG 868 901 888 901
DRAG 908 901 913 901
DRAG 928 901 958 901
DRAG 963 901 973 901
DRAG 978 901 993 901
DRAG 1003 901 1013 901
DRAG 1018 901 1028 901
DRAG 1033 901 1048 901
DRAG 1068 901 1083 901
DRAG 1088 901 1098 901
DRAG 1118 901 1133 901
DRAG 413 906 418 906
DRAG 428 906 438 906
DRAG 443 906 453 906
DRAG 468 906 493 906
DRAG 498 906 503 906
DRAG 508 906 518 906
DRAG 523 906 538 906
DRAG 543 906 558 906
DRAG 573 906 583 906
DRAG 593 906 628 906
DRAG 638 906 658 906
DRAG 663 906 713 906
DRAG 718 906 728 906
DRAG 733 906 738 906
DRAG 743 906 788 906
DRAG 793 906 798 906
DRAG 818 906 868 906
DRAG 878 906 918 906
DRAG 938 906 973 906
DRAG 978 906 993 906
DRAG 998 906 1018 906
DRAG 1023 906 1038 906
DRAG 1073 906 1093 906
DRAG 1098 906 1103 906
DRAG 383 911 388 911
DRAG 403 911 413 911
DRAG 418 911 428 911
DRAG 433 911 438 911
DRAG 448 911 453 911
DRAG 463 911 483 911
DRAG 523 911 533 911
DRAG 538 911 548 911
DRAG 553 911 558 911
DRAG 563 911 573 911
DRAG 578 911 658 911
DRAG 663 911 678 911
DRAG 693 911 723 911
DRAG 733 911 748 911
DRAG 753 911 758 911
DRAG 763 911 768 911
DRAG 773 911 788 911
DRAG 803 911 808 911
DRAG 818 911 823 911
DRAG 828 911 873 911
DRAG 898 911 928 911
DRAG 938 911 988 911
DRAG 993 911 1048 911
DRAG 1058 911 1078 911
DRAG 1083 911 1098 911
DRAG 1108 911 1118 911
DRAG 398 916 423 916
DRAG 428 916 438 916
DRAG 448 916 453 916
DRAG 458 916 468 916
DRAG 478 916 483 916
DRAG 513 916 523 916
DRAG 528 916 533 916
DRAG 538 916 543 916
DRAG 548 916 563 916
DRAG 583 916 608 916
DRAG 613 916 618 916
DRAG 623 916 628 916
DRAG 638 916 648 916
DRAG 653 916 673 916
DRAG 683 916 703 916
DRAG 708 916 738 916
DRAG 748 916 758 916
DRAG 763 916 773 916
DRAG 783 916 788 916
DRAG 808 916 833 916
DRAG 838 916 843 916
DRAG 848 916 863 916
DRAG 868 916 903 916
DRAG 908 916 923 916
DRAG 943 916 948 916
DRAG 953 916 1018 916
DRAG 1023 916 1043 916
DRAG 1048 916 1068 916
DRAG 1073 916 1078 916
DRAG 1083 916 1118 916
DRAG 1133 916 1138 916
DRAG 393 921 423 921
DRAG 428 921 463 921
DRAG 478 921 483 921
DRAG 513 921 523 921
DRAG 533 921 573 921
DRAG 578 921 593 921
DRAG 598 921 603 921
DRAG 608 921 653 921
DRAG 658 921 673 921
DRAG 688 921 703 921
DRAG 713 921 733 921
DRAG 743 921 748 921
DRAG 753 921 758 921
DRAG 768 921 778 921
DRAG 788 921 793 921
DRAG 798 921 803 921
DRAG 813 921 838 921
DRAG 848 921 863 921
DRAG 868 921 873 921
DRAG 888 921 918 921
DRAG 923 921 928 921
DRAG 933 921 938 921
DRAG 943 921 1003 921
DRAG 1018 921 1033 921
DRAG 1048 921 1073 921
DRAG 1083 921 1108 921
DRAG 1113 921 1118 921
DRAG 1138 921 1143 921
DRAG 373 926 378 926
DRAG 408 926 413 926
DRAG 418 926 458 926
DRAG 463 926 468 926
DRAG 473 926 483 926
DRAG 513 926 528 926
DRAG 538 926 563 926
DRAG 568 926 573 926
DRAG 588 926 593 926
DRAG 598 926 603 926
DRAG 633 926 673 926
DRAG 688 926 698 926
DRAG 703 926 708 926
DRAG 723 926 733 926
DRAG 743 926 758 926
DRAG 763 926 768 926
DRAG 783 926 788 926
DRAG 823 926 833 926
DRAG 843 926 848 926
DRAG 853 926 863 926
DRAG 868 926 903 926
DRAG 928 926 953 926
DRAG 963 926 968 926
DRAG 973 926 1003 926
DRAG 1018 926 1023 926
DRAG 1038 926 1073 926
DRAG 1083 926 1093 926
DRAG 1098 926 1108 926
DRAG 1123 926 1148 926
COL #7fa04f
DRAG 413 191 433 191
DRAG 473 191 478 191
DRAG 488 191 493 191
DRAG 508 191 513 191
DRAG 618 191 623 191
DRAG 413 195 418 195
DRAG 423 195 428 195
DRAG 463 195 468 195
DRAG 503 195 508 195
DRAG 563 195 573 195
DRAG 648 195 658 195
DRAG 393 200 398 200
DRAG 418 200 423 200
DRAG 428 200 438 200
DRAG 448 200 458 200
DRAG 553 200 558 200
DRAG 408 205 418 205
DRAG 423 205 428 205
DRAG 433 205 438 205
DRAG 443 205 448 205
DRAG 473 205 478 205
DRAG 548 205 558 205
DRAG 613 205 618 205
DRAG 623 205 628 205
DRAG 678 205 683 205
DRAG 313 210 318 210
DRAG 428 210 433 210
DRAG 438 210 448 210
DRAG 483 210 488 210
DRAG 503 210 513 210
DRAG 598 210 603 210
DRAG 608 210 613 210
DRAG 308 215 323 215
DRAG 383 215 388 215
DRAG 413 215 418 215
DRAG 428 215 438 215
DRAG 443 215 448 215
DRAG 478 215 483 215
DRAG 533 215 538 215
DRAG 583 215 588 215
DRAG 613 215 618 215
DRAG 633 215 638 215
DRAG 678 215 683 215
DRAG 428 220 433 220
DRAG 438 220 443 220
DRAG 583 220 588 220
DRAG 593 220 598 220
DRAG 613 220 623 220
DRAG 633 220 638 220
DRAG 438 225 443 225
DRAG 523 225 528 225
DRAG 613 225 618 225
DRAG 433 230 438 230
DRAG 613 235 623 235
DRAG 558 240 563 240
DRAG 253 245 258 245
DRAG 243 250 248 250
DRAG 288 250 303 250
DRAG 243 255 248 255
DRAG 293 255 303 255
DRAG 268 260 278 260
DRAG 308 260 323 260
DRAG 338 260 348 260
DRAG 278 265 283 265
DRAG 288 265 293 265
DRAG 323 265 333 265
DRAG 343 265 353 265
DRAG 283 269 303 269
DRAG 323 269 328 269
DRAG 283 274 298 274
DRAG 288 279 303 279
DRAG 253 284 258 284
DRAG 283 284 293 284
DRAG 298 284 308 284
DRAG 298 289 303 289
DRAG 298 294 303 294
DRAG 298 299 303 299
DRAG 293 304 298 304
DRAG 288 309 293 309
DRAG 303 319 308 319
DRAG 288 324 293 324
DRAG 298 324 303 324
DRAG 613 324 618 324
DRAG 1018 324 1023 324
DRAG 308 339 313 339
DRAG 603 339 608 339
DRAG 308 343 323 343
DRAG 603 343 608 343
DRAG 313 348 328 348
DRAG 333 348 348 348
DRAG 603 348 608 348
DRAG 318 353 323 353
DRAG 338 353 343 353
DRAG 318 358 323 358
DRAG 588 358 598 358
DRAG 318 363 323 363
DRAG 638 363 643 363
DRAG 588 368 593 368
DRAG 643 368 648 368
DRAG 433 373 443 373
DRAG 448 373 453 373
DRAG 578 373 583 373
DRAG 433 378 443 378
DRAG 328 383 333 383
DRAG 343 383 348 383
DRAG 423 383 443 383
DRAG 323 388 343 388
DRAG 348 388 353 388
DRAG 423 388 433 388
DRAG 563 388 568 388
DRAG 648 388 653 388
DRAG 343 393 363 393
DRAG 423 393 433 393
DRAG 558 393 563 393
DRAG 363 398 368 398
DRAG 453 398 458 398
DRAG 653 398 658 398
DRAG 953 398 958 398
DRAG 363 403 373 403
DRAG 423 403 428 403
DRAG 543 403 548 403
DRAG 933 403 938 403
DRAG 958 403 968 403
DRAG 368 408 378 408
DRAG 423 408 428 408
DRAG 918 408 923 408
DRAG 963 408 968 408
DRAG 368 413 373 413
DRAG 378 413 383 413
DRAG 423 413 428 413
DRAG 908 413 913 413
DRAG 963 413 968 413
DRAG 383 417 388 417
DRAG 548 417 553 417
DRAG 903 417 908 417
DRAG 378 422 383 422
DRAG 388 422 393 422
DRAG 403 422 408 422
DRAG 548 422 553 422
DRAG 898 422 903 422
DRAG 393 427 398 427
DRAG 538 427 553 427
DRAG 388 432 393 432
DRAG 418 432 423 432
DRAG 528 432 533 432
DRAG 893 432 898 432
DRAG 393 437 403 437
DRAG 418 437 428 437
DRAG 528 437 533 437
DRAG 673 437 678 437
DRAG 883 437 888 437
DRAG 478 442 483 442
DRAG 878 442 888 442
DRAG 483 447 488 447
DRAG 873 447 878 447
DRAG 498 452 508 452
DRAG 858 452 863 452
DRAG 383 457 388 457
DRAG 493 457 503 457
DRAG 508 457 513 457
DRAG 493 462 503 462
DRAG 508 462 513 462
DRAG 853 462 858 462
DRAG 493 467 498 467
DRAG 508 467 513 467
DRAG 503 472 508 472
DRAG 693 477 703 477
DRAG 298 482 303 482
DRAG 698 482 703 482
DRAG 838 482 848 482
DRAG 698 487 703 487
DRAG 828 487 833 487
DRAG 413 491 418 491
DRAG 708 491 713 491
DRAG 708 496 713 496
DRAG 823 496 828 496
DRAG 378 501 393 501
DRAG 1088 501 1093 501
DRAG 1088 506 1093 506
DRAG 1208 506 1213 506
DRAG 253 511 258 511
DRAG 1213 511 1218 511
DRAG 1203 526 1208 526
DRAG 1213 526 1218 526
DRAG 538 531 548 531
DRAG 1193 531 1203 531
DRAG 1208 531 1218 531
DRAG 533 536 543 536
DRAG 1208 536 1223 536
DRAG 523 541 533 541
DRAG 1198 541 1203 541
DRAG 703 546 708 546
DRAG 478 551 488 551
DRAG 543 551 563 551
DRAG 483 556 488 556
DRAG 558 556 568 556
DRAG 563 561 568 561
DRAG 708 561 713 561
DRAG 1188 561 1203 561
DRAG 718 565 723 565
DRAG 523 570 533 570
DRAG 553 570 563 570
DRAG 323 585 328 585
DRAG 573 590 578 590
DRAG 568 595 573 595
DRAG 583 595 588 595
DRAG 558 600 563 600
DRAG 573 600 583 600
DRAG 463 605 468 605
DRAG 483 605 488 605
DRAG 568 605 573 605
DRAG 578 605 583 605
DRAG 243 610 258 610
DRAG 463 610 468 610
DRAG 558 610 583 610
DRAG 1193 610 1208 610
DRAG 478 615 483 615
DRAG 568 615 573 615
DRAG 588 615 593 615
DRAG 1208 615 1213 615
DRAG 493 620 498 620
DRAG 543 620 548 620
DRAG 598 620 603 620
DRAG 1183 620 1193 620
DRAG 1208 620 1213 620
DRAG 238 625 243 625
DRAG 258 625 268 625
DRAG 273 625 283 625
DRAG 543 625 553 625
DRAG 593 625 598 625
DRAG 608 625 613 625
DRAG 578 635 583 635
DRAG 423 639 428 639
DRAG 583 639 593 639
DRAG 588 644 593 644
DRAG 298 654 328 654
DRAG 468 654 473 654
DRAG 593 654 598 654
DRAG 303 659 313 659
DRAG 318 659 323 659
DRAG 468 659 473 659
DRAG 598 659 603 659
DRAG 273 664 278 664
DRAG 593 664 603 664
DRAG 1213 664 1218 664
DRAG 453 669 458 669
DRAG 433 674 438 674
DRAG 593 674 598 674
DRAG 608 674 613 674
DRAG 698 684 703 684
DRAG 708 689 718 689
DRAG 738 689 743 689
DRAG 713 694 723 694
DRAG 738 694 748 694
DRAG 718 699 748 699
DRAG 713 704 753 704
DRAG 243 709 248 709
DRAG 713 709 728 709
DRAG 733 709 763 709
DRAG 708 713 728 713
DRAG 733 713 743 713
DRAG 748 713 778 713
DRAG 708 718 718 718
DRAG 723 718 743 718
DRAG 748 718 788 718
DRAG 623 723 673 723
DRAG 698 723 713 723
DRAG 718 723 743 723
DRAG 763 723 793 723
DRAG 613 728 698 728
DRAG 703 728 728 728
DRAG 738 728 758 728
DRAG 763 728 778 728
DRAG 783 728 798 728
DRAG 608 733 633 733
DRAG 648 733 703 733
DRAG 708 733 748 733
DRAG 753 733 803 733
DRAG 813 733 818 733
DRAG 608 738 613 738
DRAG 618 738 658 738
DRAG 663 738 748 738
DRAG 753 738 778 738
DRAG 783 738 828 738
DRAG 613 743 618 743
DRAG 623 743 778 743
DRAG 783 743 833 743
DRAG 628 748 643 748
DRAG 648 748 658 748
DRAG 663 748 773 748
DRAG 783 748 838 748
DRAG 603 753 633 753
DRAG 643 753 653 753
DRAG 658 753 678 753
DRAG 703 753 768 753
DRAG 778 753 863 753
DRAG 603 758 608 758
DRAG 618 758 638 758
DRAG 648 758 693 758
DRAG 703 758 713 758
DRAG 718 758 768 758
DRAG 773 758 813 758
DRAG 823 758 863 758
DRAG 583 763 608 763
DRAG 623 763 638 763
DRAG 643 763 648 763
DRAG 653 763 658 763
DRAG 663 763 693 763
DRAG 698 763 708 763
DRAG 718 763 813 763
DRAG 833 763 843 763
DRAG 848 763 858 763
DRAG 868 763 873 763
DRAG 578 768 583 768
DRAG 588 768 593 768
DRAG 603 768 618 768
DRAG 623 768 658 768
DRAG 663 768 693 768
DRAG 698 768 708 768
DRAG 718 768 733 768
DRAG 738 768 813 768
DRAG 833 768 843 768
DRAG 848 768 853 768
DRAG 863 768 873 768
DRAG 603 773 618 773
DRAG 633 773 653 773
DRAG 673 773 683 773
DRAG 703 773 733 773
DRAG 738 773 743 773
DRAG 748 773 818 773
DRAG 828 773 848 773
DRAG 858 773 883 773
DRAG 888 773 893 773
DRAG 898 773 908 773
DRAG 608 778 623 778
DRAG 633 778 638 778
DRAG 643 778 683 778
DRAG 688 778 693 778
DRAG 708 778 743 778
DRAG 748 778 788 778
DRAG 793 778 803 778
DRAG 828 778 833 778
DRAG 843 778 868 778
DRAG 873 778 893 778
DRAG 578 783 583 783
DRAG 633 783 698 783
DRAG 703 783 723 783
DRAG 728 783 758 783
DRAG 763 783 773 783
DRAG 778 783 788 783
DRAG 798 783 803 783
DRAG 823 783 828 783
DRAG 843 783 903 783
DRAG 543 787 568 787
DRAG 573 787 578 787
DRAG 593 787 603 787
DRAG 633 787 663 787
DRAG 688 787 718 787
DRAG 728 787 773 787
DRAG 798 787 813 787
DRAG 818 787 823 787
DRAG 828 787 873 787
DRAG 878 787 888 787
DRAG 898 787 903 787
DRAG 543 792 553 792
DRAG 578 792 583 792
DRAG 598 792 613 792
DRAG 623 792 663 792
DRAG 693 792 768 792
DRAG 798 792 848 792
DRAG 868 792 873 792
DRAG 898 792 908 792
DRAG 513 797 523 797
DRAG 528 797 553 797
DRAG 563 797 568 797
DRAG 608 797 648 797
DRAG 658 797 663 797
DRAG 668 797 673 797
DRAG 678 797 683 797
DRAG 713 797 743 797
DRAG 753 797 763 797
DRAG 778 797 808 797
DRAG 813 797 818 797
DRAG 823 797 833 797
DRAG 868 797 878 797
DRAG 903 797 908 797
DRAG 528 802 538 802
DRAG 543 802 563 802
DRAG 573 802 578 802
DRAG 583 802 588 802
DRAG 593 802 598 802
DRAG 608 802 618 802
DRAG 623 802 638 802
DRAG 668 802 678 802
DRAG 723 802 743 802
DRAG 758 802 763 802
DRAG 768 802 818 802
DRAG 823 802 838 802
DRAG 848 802 863 802
DRAG 873 802 878 802
DRAG 913 802 923 802
DRAG 558 807 593 807
DRAG 598 807 613 807
DRAG 668 807 683 807
DRAG 693 807 728 807
DRAG 733 807 743 807
DRAG 758 807 788 807
DRAG 793 807 803 807
DRAG 808 807 823 807
DRAG 828 807 883 807
DRAG 918 807 923 807
DRAG 473 812 478 812
DRAG 548 812 553 812
DRAG 578 812 593 812
DRAG 598 812 613 812
DRAG 668 812 718 812
DRAG 723 812 728 812
DRAG 738 812 778 812
DRAG 788 812 823 812
DRAG 828 812 863 812
DRAG 878 812 888 812
DRAG 928 812 933 812
DRAG 498 817 503 817
DRAG 543 817 548 817
DRAG 583 817 593 817
DRAG 608 817 623 817
DRAG 653 817 693 817
DRAG 698 817 708 817
DRAG 713 817 733 817
DRAG 738 817 763 817
DRAG 788 817 818 817
DRAG 833 817 863 817
DRAG 883 817 888 817
DRAG 523 822 528 822
DRAG 543 822 573 822
DRAG 593 822 603 822
DRAG 613 822 623 822
DRAG 643 822 668 822
DRAG 698 822 703 822
DRAG 713 822 733 822
DRAG 743 822 768 822
DRAG 788 822 813 822
DRAG 828 822 868 822
DRAG 918 822 933 822
DRAG 453 827 458 827
DRAG 468 827 473 827
DRAG 523 827 558 827
DRAG 563 827 593 827
DRAG 598 827 603 827
DRAG 643 827 663 827
DRAG 683 827 693 827
DRAG 703 827 723 827
DRAG 728 827 733 827
DRAG 743 827 748 827
DRAG 753 827 783 827
DRAG 793 827 803 827
DRAG 808 827 818 827
DRAG 833 827 853 827
DRAG 863 827 868 827
DRAG 918 827 923 827
DRAG 933 827 938 827
DRAG 453 832 458 832
DRAG 473 832 478 832
DRAG 483 832 493 832
DRAG 503 832 513 832
DRAG 528 832 553 832
DRAG 578 832 588 832
DRAG 598 832 613 832
DRAG 618 832 623 832
DRAG 628 832 653 832
DRAG 658 832 708 832
DRAG 713 832 723 832
DRAG 748 832 763 832
DRAG 768 832 798 832
DRAG 803 832 818 832
DRAG 833 832 838 832
DRAG 843 832 878 832
DRAG 888 832 893 832
DRAG 933 832 943 832
DRAG 478 837 498 837
DRAG 508 837 523 837
DRAG 543 837 558 837
DRAG 588 837 593 837
DRAG 598 837 603 837
DRAG 618 837 643 837
DRAG 658 837 703 837
DRAG 728 837 738 837
DRAG 753 837 763 837
DRAG 778 837 813 837
DRAG 838 837 848 837
DRAG 858 837 863 837
DRAG 868 837 873 837
DRAG 888 837 908 837
DRAG 933 837 953 837
DRAG 963 837 998 837
DRAG 458 842 468 842
DRAG 488 842 498 842
DRAG 508 842 513 842
DRAG 593 842 633 842
DRAG 653 842 668 842
DRAG 678 842 688 842
DRAG 693 842 698 842
DRAG 723 842 728 842
DRAG 758 842 773 842
DRAG 788 842 813 842
DRAG 818 842 828 842
DRAG 833 842 853 842
DRAG 883 842 893 842
DRAG 938 842 943 842
DRAG 953 842 963 842
DRAG 453 847 468 847
DRAG 478 847 483 847
DRAG 538 847 543 847
DRAG 598 847 633 847
DRAG 693 847 698 847
DRAG 708 847 713 847
DRAG 753 847 818 847
DRAG 823 847 863 847
DRAG 898 847 903 847
DRAG 958 847 963 847
DRAG 453 852 468 852
DRAG 473 852 478 852
DRAG 593 852 598 852
DRAG 608 852 618 852
DRAG 623 852 633 852
DRAG 648 852 663 852
DRAG 698 852 703 852
DRAG 718 852 723 852
DRAG 763 852 778 852
DRAG 783 852 833 852
DRAG 843 852 848 852
DRAG 853 852 868 852
DRAG 903 852 908 852
DRAG 473 857 478 857
DRAG 598 857 608 857
DRAG 618 857 623 857
DRAG 653 857 658 857
DRAG 673 857 678 857
DRAG 688 857 698 857
DRAG 723 857 728 857
DRAG 738 857 743 857
DRAG 768 857 783 857
DRAG 788 857 798 857
DRAG 803 857 838 857
DRAG 853 857 858 857
DRAG 863 857 883 857
DRAG 888 857 893 857
DRAG 968 857 978 857
DRAG 458 861 468 861
DRAG 473 861 478 861
DRAG 518 861 533 861
DRAG 553 861 558 861
DRAG 578 861 598 861
DRAG 613 861 618 861
DRAG 643 861 648 861
DRAG 683 861 688 861
DRAG 703 861 713 861
DRAG 718 861 723 861
DRAG 773 861 783 861
DRAG 788 861 793 861
DRAG 798 861 813 861
DRAG 818 861 828 861
DRAG 858 861 883 861
DRAG 903 861 908 861
DRAG 918 861 923 861
DRAG 928 861 933 861
DRAG 968 861 988 861
DRAG 438 866 443 866
DRAG 468 866 478 866
DRAG 503 866 513 866
DRAG 523 866 533 866
DRAG 543 866 548 866
DRAG 563 866 598 866
DRAG 608 866 618 866
DRAG 633 866 643 866
DRAG 648 866 653 866
DRAG 658 866 673 866
DRAG 708 866 713 866
DRAG 728 866 738 866
DRAG 743 866 748 866
DRAG 773 866 808 866
DRAG 818 866 828 866
DRAG 868 866 898 866
DRAG 903 866 913 866
DRAG 918 866 933 866
DRAG 963 866 978 866
DRAG 983 866 993 866
DRAG 1028 866 1033 866
DRAG 1038 866 1043 866
DRAG 1048 866 1078 866
DRAG 493 871 508 871
DRAG 528 871 548 871
DRAG 558 871 563 871
DRAG 583 871 588 871
DRAG 608 871 623 871
DRAG 638 871 643 871
DRAG 663 871 668 871
DRAG 683 871 693 871
DRAG 703 871 708 871
DRAG 718 871 723 871
DRAG 743 871 748 871
DRAG 778 871 833 871
DRAG 858 871 863 871
DRAG 878 871 893 871
DRAG 908 871 913 871
DRAG 928 871 943 871
DRAG 968 871 978 871
DRAG 998 871 1008 871
DRAG 1048 871 1053 871
DRAG 1078 871 1088 871
DRAG 1188 871 1193 871
DRAG 418 876 428 876
DRAG 483 876 488 876
DRAG 498 876 503 876
DRAG 513 876 523 876
DRAG 583 876 598 876
DRAG 608 876 613 876
DRAG 618 876 623 876
DRAG 633 876 653 876
DRAG 683 876 708 876
DRAG 723 876 728 876
DRAG 743 876 753 876
DRAG 783 876 813 876
DRAG 823 876 833 876
DRAG 878 876 888 876
DRAG 893 876 898 876
DRAG 923 876 933 876
DRAG 938 876 948 876
DRAG 953 876 968 876
DRAG 973 876 983 876
DRAG 993 876 998 876
DRAG 1078 876 1083 876
DRAG 1183 876 1203 876
DRAG 473 881 483 881
DRAG 503 881 513 881
DRAG 518 881 528 881
DRAG 533 881 548 881
DRAG 568 881 578 881
DRAG 588 881 598 881
DRAG 603 881 613 881
DRAG 618 881 663 881
DRAG 673 881 678 881
DRAG 693 881 698 881
DRAG 723 881 733 881
DRAG 793 881 818 881
DRAG 833 881 848 881
DRAG 863 881 873 881
DRAG 908 881 918 881
DRAG 923 881 928 881
DRAG 978 881 983 881
DRAG 1008 881 1028 881
DRAG 1048 881 1053 881
DRAG 1158 881 1163 881
DRAG 1188 881 1193 881
DRAG 463 886 473 886
DRAG 493 886 503 886
DRAG 508 886 513 886
DRAG 553 886 558 886
DRAG 603 886 608 886
DRAG 613 886 638 886
DRAG 643 886 668 886
DRAG 703 886 708 886
DRAG 733 886 738 886
DRAG 798 886 893 886
DRAG 988 886 993 886
DRAG 1003 886 1018 886
DRAG 1023 886 1038 886
DRAG 458 891 473 891
DRAG 533 891 563 891
DRAG 583 891 588 891
DRAG 603 891 623 891
DRAG 633 891 678 891
DRAG 693 891 703 891
DRAG 708 891 723 891
DRAG 803 891 823 891
DRAG 828 891 903 891
DRAG 1003 891 1008 891
DRAG 1018 891 1038 891
DRAG 1048 891 1053 891
DRAG 1103 891 1118 891
DRAG 1123 891 1133 891
DRAG 1138 891 1153 891
DRAG 443 896 453 896
DRAG 548 896 558 896
DRAG 573 896 593 896
DRAG 598 896 613 896
DRAG 623 896 628 896
DRAG 643 896 658 896
DRAG 663 896 688 896
DRAG 703 896 708 896
DRAG 813 896 853 896
DRAG 868 896 878 896
DRAG 883 896 888 896
DRAG 893 896 923 896
DRAG 998 896 1003 896
DRAG 1008 896 1018 896
DRAG 1028 896 1033 896
DRAG 1038 896 1043 896
DRAG 1058 896 1063 896
DRAG 1098 896 1113 896
DRAG 1118 896 1123 896
DRAG 1133 896 1153 896
DRAG 558 901 563 901
DRAG 573 901 593 901
DRAG 623 901 638 901
DRAG 648 901 653 901
DRAG 668 901 673 901
DRAG 678 901 683 901
DRAG 798 901 808 901
DRAG 813 901 818 901
DRAG 823 901 833 901
DRAG 843 901 853 901
DRAG 863 901 868 901
DRAG 888 901 908 901
DRAG 913 901 928 901
DRAG 993 901 1003 901
DRAG 1013 901 1018 901
DRAG 1028 901 1033 901
DRAG 1048 901 1068 901
DRAG 1083 901 1088 901
DRAG 1098 901 1118 901
DRAG 1138 901 1148 901
DRAG 503 906 508 906
DRAG 518 906 523 906
DRAG 538 906 543 906
DRAG 558 906 573 906
DRAG 583 906 593 906
DRAG 628 906 638 906
DRAG 658 906 663 906
DRAG 713 906 718 906
DRAG 728 906 733 906
DRAG 798 906 818 906
DRAG 868 906 878 906
DRAG 918 906 938 906
DRAG 993 906 998 906
DRAG 1018 906 1023 906
DRAG 1038 906 1073 906
DRAG 1093 906 1098 906
DRAG 1103 906 1118 906
DRAG 1138 906 1143 906
DRAG 483 911 493 911
DRAG 518 911 523 911
DRAG 533 911 538 911
DRAG 548 911 553 911
DRAG 558 911 563 911
DRAG 658 911 663 911
DRAG 678 911 693 911
DRAG 723 911 733 911
DRAG 748 911 753 911
DRAG 788 911 803 911
DRAG 808 911 818 911
DRAG 823 911 828 911
DRAG 873 911 898 911
DRAG 928 911 938 911
DRAG 988 911 993 911
DRAG 1048 911 1058 911
DRAG 1078 911 1083 911
DRAG 1098 911 1108 911
DRAG 453 916 458 916
DRAG 468 916 478 916
DRAG 483 916 488 916
DRAG 533 916 538 916
DRAG 543 916 548 916
DRAG 563 916 583 916
DRAG 608 916 613 916
DRAG 628 916 638 916
DRAG 648 916 653 916
DRAG 673 916 683 916
DRAG 738 916 748 916
DRAG 758 916 763 916
DRAG 788 916 808 916
DRAG 833 916 838 916
DRAG 843 916 848 916
DRAG 863 916 868 916
DRAG 923 916 943 916
DRAG 948 916 953 916
DRAG 1018 916 1023 916
DRAG 1043 916 1048 916
DRAG 1068 916 1073 916
DRAG 1078 916 1083 916
DRAG 1118 916 1133 916
DRAG 463 921 478 921
DRAG 523 921 533 921
DRAG 573 921 578 921
DRAG 603 921 608 921
DRAG 653 921 658 921
DRAG 673 921 688 921
DRAG 733 921 743 921
DRAG 748 921 753 921
DRAG 758 921 768 921
DRAG 778 921 788 921
DRAG 793 921 798 921
DRAG 803 921 813 921
DRAG 838 921 848 921
DRAG 863 921 868 921
DRAG 873 921 888 921
DRAG 918 921 923 921
DRAG 928 921 933 921
DRAG 938 921 943 921
DRAG 1003 921 1018 921
DRAG 1033 921 1048 921
DRAG 1073 921 1083 921
DRAG 1108 921 1113 921
DRAG 1118 921 1128 921
DRAG 413 926 418 926
DRAG 458 926 463 926
DRAG 528 926 538 926
DRAG 573 926 578 926
DRAG 593 926 598 926
DRAG 618 926 633 926
DRAG 673 926 688 926
DRAG 708 926 723 926
DRAG 733 926 743 926
DRAG 758 926 763 926
DRAG 768 926 783 926
DRAG 788 926 823 926
DRAG 833 926 843 926
DRAG 848 926 853 926
DRAG 863 926 868 926
DRAG 903 926 928 926
DRAG 953 926 963 926
DRAG 968 926 973 926
DRAG 1003 926 1018 926
DRAG 1023 926 1038 926
DRAG 1073 926 1083 926
DRAG 1093 926 1098 926
DRAG 1108 926 1123 926
DRAG 1178 926 1188 926
COL #7d6a4c
DRAG 258 299 268 299
DRAG 258 304 268 304
DRAG 238 314 248 314
DRAG 283 314 288 314
DRAG 238 319 248 319
DRAG 283 319 288 319
DRAG 258 334 263 334
DRAG 268 334 273 334
DRAG 238 339 243 339
DRAG 628 363 633 363
DRAG 268 368 273 368
DRAG 278 368 288 368
DRAG 288 373 293 373
DRAG 288 378 298 378
DRAG 288 383 303 383
DRAG 288 388 293 388
DRAG 288 393 308 393
DRAG 293 398 308 398
DRAG 333 398 343 398
DRAG 333 403 343 403
DRAG 333 408 348 408
DRAG 438 408 448 408
DRAG 328 413 363 413
DRAG 453 413 458 413
DRAG 303 417 313 417
DRAG 328 417 358 417
DRAG 448 417 458 417
DRAG 298 422 313 422
DRAG 328 422 343 422
DRAG 423 422 433 422
DRAG 453 422 463 422
DRAG 323 427 338 427
DRAG 448 427 463 427
DRAG 333 432 338 432
DRAG 448 432 468 432
DRAG 328 437 338 437
DRAG 448 437 473 437
DRAG 333 442 353 442
DRAG 453 442 473 442
DRAG 288 447 313 447
DRAG 408 447 423 447
DRAG 453 447 473 447
DRAG 283 452 288 452
DRAG 293 452 308 452
DRAG 338 452 348 452
DRAG 403 452 423 452
DRAG 443 452 473 452
DRAG 288 457 308 457
DRAG 333 457 343 457
DRAG 393 457 418 457
DRAG 443 457 448 457
DRAG 463 457 483 457
DRAG 288 462 308 462
DRAG 323 462 328 462
DRAG 333 462 338 462
DRAG 393 462 428 462
DRAG 463 462 488 462
DRAG 323 467 328 467
DRAG 398 467 428 467
DRAG 463 467 488 467
DRAG 303 472 308 472
DRAG 398 472 428 472
DRAG 463 472 488 472
DRAG 293 477 298 477
DRAG 313 477 323 477
DRAG 343 477 358 477
DRAG 378 477 438 477
DRAG 458 477 488 477
DRAG 318 482 333 482
DRAG 378 482 398 482
DRAG 403 482 438 482
DRAG 323 487 338 487
DRAG 343 487 348 487
DRAG 373 487 393 487
DRAG 418 487 433 487
DRAG 458 487 463 487
DRAG 328 491 333 491
DRAG 343 491 353 491
DRAG 383 491 393 491
DRAG 458 491 473 491
DRAG 313 496 318 496
DRAG 333 496 353 496
DRAG 358 496 363 496
DRAG 418 496 423 496
DRAG 458 496 473 496
DRAG 328 501 358 501
DRAG 398 501 413 501
DRAG 418 501 453 501
DRAG 473 501 478 501
DRAG 323 506 333 506
DRAG 403 506 413 506
DRAG 418 506 448 506
DRAG 458 506 468 506
DRAG 473 506 483 506
DRAG 858 506 863 506
DRAG 403 511 418 511
DRAG 423 511 438 511
DRAG 443 511 448 511
DRAG 458 511 468 511
DRAG 473 511 478 511
DRAG 488 511 503 511
DRAG 328 516 338 516
DRAG 408 516 458 516
DRAG 473 516 483 516
DRAG 493 516 498 516
DRAG 368 521 383 521
DRAG 413 521 418 521
DRAG 438 521 458 521
DRAG 463 521 493 521
DRAG 358 526 363 526
DRAG 368 526 388 526
DRAG 453 526 493 526
DRAG 303 531 308 531
DRAG 358 531 383 531
DRAG 403 531 408 531
DRAG 473 531 493 531
DRAG 363 536 373 536
DRAG 368 541 373 541
DRAG 368 546 378 546
DRAG 448 546 468 546
DRAG 503 546 518 546
DRAG 443 551 473 551
DRAG 503 551 513 551
DRAG 428 556 468 556
DRAG 498 556 508 556
DRAG 418 561 473 561
DRAG 498 561 508 561
DRAG 408 565 443 565
DRAG 453 565 478 565
DRAG 488 565 493 565
DRAG 563 565 568 565
DRAG 363 570 368 570
DRAG 403 570 483 570
DRAG 403 575 428 575
DRAG 438 575 448 575
DRAG 458 575 468 575
DRAG 478 575 498 575
DRAG 503 575 508 575
DRAG 513 575 518 575
DRAG 338 580 348 580
DRAG 418 580 428 580
DRAG 463 580 468 580
DRAG 483 580 518 580
DRAG 333 585 383 585
DRAG 463 585 468 585
DRAG 488 585 498 585
DRAG 503 585 508 585
DRAG 328 590 378 590
DRAG 338 595 358 595
DRAG 363 595 383 595
DRAG 338 600 353 600
DRAG 363 600 373 600
DRAG 413 600 453 600
DRAG 338 605 353 605
DRAG 418 605 458 605
DRAG 513 605 528 605
DRAG 398 610 448 610
DRAG 518 610 523 610
DRAG 398 615 443 615
DRAG 453 615 463 615
DRAG 418 620 423 620
DRAG 428 620 443 620
DRAG 448 620 458 620
DRAG 428 625 438 625
DRAG 443 625 458 625
DRAG 498 644 508 644
DRAG 353 649 358 649
DRAG 483 649 508 649
DRAG 473 654 503 654
DRAG 438 659 443 659
DRAG 478 659 483 659
DRAG 773 669 788 669
DRAG 758 674 818 674
DRAG 768 679 798 679
DRAG 808 679 813 679
DRAG 818 679 828 679
DRAG 463 684 468 684
DRAG 743 684 748 684
DRAG 763 684 843 684
DRAG 758 689 868 689
DRAG 758 694 763 694
DRAG 768 694 853 694
DRAG 863 694 883 694
DRAG 758 699 913 699
DRAG 753 704 873 704
DRAG 878 704 928 704
DRAG 768 709 918 709
DRAG 928 709 953 709
DRAG 788 713 913 713
DRAG 943 713 963 713
DRAG 793 718 928 718
DRAG 958 718 1003 718
DRAG 1008 718 1018 718
DRAG 798 723 923 723
DRAG 983 723 1018 723
DRAG 1028 723 1033 723
DRAG 798 728 953 728
DRAG 978 728 988 728
DRAG 1018 728 1038 728
DRAG 803 733 808 733
DRAG 828 733 968 733
DRAG 973 733 988 733
DRAG 1018 733 1028 733
DRAG 1043 733 1073 733
DRAG 828 738 983 738
DRAG 1073 738 1098 738
DRAG 838 743 998 743
DRAG 1108 743 1128 743
DRAG 838 748 843 748
DRAG 853 748 1018 748
DRAG 1128 748 1138 748
DRAG 1143 748 1183 748
DRAG 1188 748 1193 748
DRAG 863 753 1038 753
DRAG 1163 753 1203 753
DRAG 1208 753 1213 753
DRAG 868 758 963 758
DRAG 978 758 1053 758
DRAG 1178 758 1238 758
DRAG 858 763 863 763
DRAG 873 763 993 763
DRAG 998 763 1068 763
DRAG 1173 763 1238 763
DRAG 878 768 1038 768
DRAG 1043 768 1093 768
DRAG 1183 768 1238 768
DRAG 908 773 1108 773
DRAG 1113 773 1128 773
DRAG 1203 773 1238 773
DRAG 908 778 1148 778
DRAG 1223 778 1238 778
DRAG 903 783 1163 783
DRAG 903 787 1183 787
DRAG 913 792 1203 792
DRAG 928 797 1223 797
DRAG 948 802 1053 802
DRAG 1058 802 1238 802
DRAG 963 807 1118 807
DRAG 1123 807 1238 807
DRAG 973 812 1138 812
DRAG 1143 812 1238 812
DRAG 973 817 1238 817
DRAG 983 822 1008 822
DRAG 1023 822 1238 822
DRAG 253 827 263 827
DRAG 998 827 1238 827
DRAG 238 832 263 832
DRAG 1008 832 1238 832
DRAG 238 837 263 837
DRAG 1023 837 1238 837
DRAG 238 842 263 842
DRAG 1038 842 1053 842
DRAG 1058 842 1118 842
DRAG 1123 842 1238 842
DRAG 238 847 263 847
DRAG 878 847 883 847
DRAG 998 847 1003 847
DRAG 1058 847 1238 847
DRAG 238 852 263 852
DRAG 983 852 1008 852
DRAG 1013 852 1018 852
DRAG 1078 852 1088 852
DRAG 1093 852 1118 852
DRAG 1123 852 1238 852
DRAG 978 857 983 857
DRAG 1093 857 1118 857
DRAG 1123 857 1238 857
DRAG 1003 861 1008 861
DRAG 1028 861 1043 861
DRAG 1053 861 1058 861
DRAG 1103 861 1108 861
DRAG 1113 861 1238 861
DRAG 238 866 258 866
DRAG 998 866 1003 866
DRAG 1008 866 1013 866
DRAG 1018 866 1028 866
DRAG 1043 866 1048 866
DRAG 1113 866 1188 866
DRAG 1193 866 1238 866
DRAG 238 871 258 871
DRAG 1013 871 1023 871
DRAG 1088 871 1098 871
DRAG 1103 871 1108 871
DRAG 1123 871 1173 871
DRAG 1178 871 1183 871
DRAG 1208 871 1238 871
DRAG 238 876 258 876
DRAG 1108 876 1123 876
DRAG 1128 876 1173 876
DRAG 1208 876 1223 876
DRAG 238 881 258 881
DRAG 1108 881 1113 881
DRAG 1118 881 1143 881
DRAG 1148 881 1153 881
DRAG 1173 881 1178 881
DRAG 1208 881 1213 881
DRAG 238 886 258 886
DRAG 1133 886 1138 886
DRAG 1168 886 1183 886
DRAG 1203 886 1213 886
DRAG 238 891 258 891
DRAG 1158 891 1183 891
DRAG 1203 891 1238 891
DRAG 238 896 258 896
DRAG 1158 896 1168 896
DRAG 1178 896 1203 896
DRAG 238 901 258 901
DRAG 1153 901 1203 901
DRAG 238 906 258 906
DRAG 1118 906 1133 906
DRAG 1148 906 1153 906
DRAG 1163 906 1188 906
DRAG 1193 906 1208 906
DRAG 238 911 258 911
DRAG 1133 911 1138 911
DRAG 1143 911 1158 911
DRAG 1173 911 1178 911
DRAG 1183 911 1188 911
DRAG 1198 911 1213 911
DRAG 238 916 258 916
DRAG 498 916 513 916
DRAG 1143 916 1168 916
DRAG 1173 916 1188 916
DRAG 1198 916 1218 916
DRAG 1233 916 1238 916
DRAG 253 921 263 921
DRAG 483 921 493 921
DRAG 498 921 508 921
DRAG 1158 921 1168 921
DRAG 1203 921 1223 921
DRAG 243 926 248 926
DRAG 258 926 263 926
DRAG 268 926 273 926
DRAG 483 926 493 926
DRAG 503 926 508 926
DRAG 1158 926 1168 926
DRAG 1213 926 1228 926
COL #8aa54a
DRAG 238 191 348 191
DRAG 463 191 473 191
DRAG 533 191 543 191
DRAG 548 191 553 191
DRAG 573 191 578 191
DRAG 238 195 343 195
DRAG 533 195 538 195
DRAG 548 195 558 195
DRAG 578 195 583 195
DRAG 633 195 638 195
DRAG 238 200 333 200
DRAG 403 200 408 200
DRAG 528 200 548 200
DRAG 633 200 643 200
DRAG 238 205 323 205
DRAG 483 205 488 205
DRAG 528 205 533 205
DRAG 638 205 643 205
DRAG 238 210 313 210
DRAG 528 210 533 210
DRAG 573 210 578 210
DRAG 593 210 598 210
DRAG 638 210 643 210
DRAG 238 215 308 215
DRAG 238 220 293 220
DRAG 383 220 388 220
DRAG 603 220 608 220
DRAG 238 225 283 225
DRAG 383 225 393 225
DRAG 548 225 553 225
DRAG 568 225 573 225
DRAG 603 225 608 225
DRAG 238 230 278 230
DRAG 238 235 263 235
DRAG 238 240 253 240
DRAG 278 240 283 240
DRAG 238 245 243 245
DRAG 263 245 268 245
DRAG 273 245 288 245
DRAG 253 250 268 250
DRAG 278 250 283 250
DRAG 258 255 273 255
DRAG 278 255 283 255
DRAG 288 255 293 255
DRAG 283 260 308 260
DRAG 293 265 313 265
DRAG 313 269 318 269
DRAG 263 274 268 274
DRAG 303 274 308 274
DRAG 238 279 263 279
DRAG 278 279 283 279
DRAG 303 279 313 279
DRAG 238 284 253 284
DRAG 268 284 273 284
DRAG 238 289 298 289
DRAG 303 289 308 289
DRAG 238 294 293 294
DRAG 238 299 258 299
DRAG 268 299 283 299
DRAG 243 304 258 304
DRAG 268 304 288 304
DRAG 238 309 288 309
DRAG 248 314 283 314
DRAG 288 314 293 314
DRAG 248 319 283 319
DRAG 288 319 298 319
DRAG 1028 319 1033 319
DRAG 238 324 258 324
DRAG 263 324 288 324
DRAG 293 324 298 324
DRAG 303 324 313 324
DRAG 238 329 313 329
DRAG 238 334 258 334
DRAG 263 334 268 334
DRAG 273 334 308 334
DRAG 613 334 618 334
DRAG 1038 334 1048 334
DRAG 243 339 248 339
DRAG 253 339 283 339
DRAG 288 339 308 339
DRAG 608 339 623 339
DRAG 1018 339 1023 339
DRAG 1028 339 1048 339
DRAG 238 343 283 343
DRAG 608 343 628 343
DRAG 1028 343 1048 343
DRAG 243 348 283 348
DRAG 608 348 613 348
DRAG 618 348 628 348
DRAG 1053 348 1063 348
DRAG 238 353 258 353
DRAG 263 353 278 353
DRAG 283 353 288 353
DRAG 598 353 613 353
DRAG 618 353 628 353
DRAG 1028 353 1033 353
DRAG 1173 353 1183 353
DRAG 238 358 278 358
DRAG 283 358 288 358
DRAG 598 358 613 358
DRAG 623 358 638 358
DRAG 1023 358 1033 358
DRAG 1038 358 1043 358
DRAG 1168 358 1188 358
DRAG 238 363 258 363
DRAG 263 363 293 363
DRAG 298 363 303 363
DRAG 458 363 478 363
DRAG 583 363 618 363
DRAG 623 363 628 363
DRAG 633 363 638 363
DRAG 1028 363 1043 363
DRAG 1048 363 1073 363
DRAG 1168 363 1193 363
DRAG 238 368 258 368
DRAG 263 368 268 368
DRAG 273 368 278 368
DRAG 288 368 303 368
DRAG 323 368 333 368
DRAG 453 368 473 368
DRAG 583 368 588 368
DRAG 593 368 603 368
DRAG 613 368 643 368
DRAG 1028 368 1043 368
DRAG 1048 368 1078 368
DRAG 1163 368 1198 368
DRAG 238 373 288 373
DRAG 293 373 303 373
DRAG 318 373 328 373
DRAG 458 373 473 373
DRAG 583 373 588 373
DRAG 598 373 603 373
DRAG 618 373 623 373
DRAG 633 373 643 373
DRAG 1023 373 1038 373
DRAG 1048 373 1068 373
DRAG 1153 373 1168 373
DRAG 1178 373 1198 373
DRAG 1203 373 1208 373
DRAG 238 378 288 378
DRAG 298 378 308 378
DRAG 453 378 478 378
DRAG 593 378 598 378
DRAG 638 378 648 378
DRAG 1008 378 1013 378
DRAG 1023 378 1038 378
DRAG 1053 378 1058 378
DRAG 1063 378 1068 378
DRAG 1153 378 1168 378
DRAG 1178 378 1193 378
DRAG 1198 378 1208 378
DRAG 238 383 288 383
DRAG 303 383 323 383
DRAG 458 383 473 383
DRAG 593 383 603 383
DRAG 643 383 648 383
DRAG 1028 383 1048 383
DRAG 1053 383 1058 383
DRAG 1063 383 1078 383
DRAG 1153 383 1168 383
DRAG 1178 383 1188 383
DRAG 1193 383 1208 383
DRAG 238 388 248 388
DRAG 253 388 288 388
DRAG 293 388 323 388
DRAG 443 388 453 388
DRAG 463 388 478 388
DRAG 638 388 648 388
DRAG 983 388 988 388
DRAG 1033 388 1043 388
DRAG 1053 388 1063 388
DRAG 1068 388 1093 388
DRAG 1148 388 1168 388
DRAG 1178 388 1208 388
DRAG 1218 388 1223 388
DRAG 238 393 288 393
DRAG 308 393 343 393
DRAG 443 393 458 393
DRAG 473 393 483 393
DRAG 1013 393 1028 393
DRAG 1038 393 1043 393
DRAG 1048 393 1058 393
DRAG 1063 393 1088 393
DRAG 1143 393 1168 393
DRAG 1178 393 1208 393
DRAG 1213 393 1223 393
DRAG 238 398 293 398
DRAG 308 398 313 398
DRAG 318 398 333 398
DRAG 343 398 348 398
DRAG 438 398 453 398
DRAG 463 398 488 398
DRAG 558 398 563 398
DRAG 568 398 573 398
DRAG 963 398 968 398
DRAG 978 398 983 398
DRAG 1018 398 1023 398
DRAG 1048 398 1078 398
DRAG 1148 398 1203 398
DRAG 1213 398 1233 398
DRAG 238 403 308 403
DRAG 313 403 318 403
DRAG 323 403 333 403
DRAG 343 403 348 403
DRAG 438 403 483 403
DRAG 588 403 593 403
DRAG 598 403 608 403
DRAG 658 403 663 403
DRAG 968 403 973 403
DRAG 1018 403 1028 403
DRAG 1053 403 1083 403
DRAG 1143 403 1183 403
DRAG 1198 403 1203 403
DRAG 1208 403 1228 403
DRAG 238 408 303 408
DRAG 328 408 333 408
DRAG 348 408 368 408
DRAG 433 408 438 408
DRAG 448 408 453 408
DRAG 458 408 483 408
DRAG 588 408 593 408
DRAG 598 408 603 408
DRAG 1018 408 1033 408
DRAG 1053 408 1103 408
DRAG 1143 408 1163 408
DRAG 1168 408 1183 408
DRAG 1193 408 1198 408
DRAG 1203 408 1213 408
DRAG 248 413 298 413
DRAG 318 413 328 413
DRAG 363 413 368 413
DRAG 433 413 453 413
DRAG 458 413 473 413
DRAG 1018 413 1038 413
DRAG 1063 413 1078 413
DRAG 1088 413 1098 413
DRAG 1128 413 1143 413
DRAG 1168 413 1198 413
DRAG 1213 413 1223 413
DRAG 238 417 243 417
DRAG 248 417 278 417
DRAG 288 417 303 417
DRAG 313 417 328 417
DRAG 358 417 363 417
DRAG 428 417 448 417
DRAG 458 417 468 417
DRAG 593 417 608 417
DRAG 918 417 923 417
DRAG 1018 417 1038 417
DRAG 1073 417 1078 417
DRAG 1088 417 1098 417
DRAG 1133 417 1138 417
DRAG 1163 417 1188 417
DRAG 1193 417 1223 417
DRAG 243 422 258 422
DRAG 263 422 278 422
DRAG 288 422 298 422
DRAG 313 422 328 422
DRAG 343 422 348 422
DRAG 353 422 358 422
DRAG 433 422 453 422
DRAG 463 422 468 422
DRAG 593 422 608 422
DRAG 903 422 908 422
DRAG 1023 422 1048 422
DRAG 1058 422 1063 422
DRAG 1068 422 1083 422
DRAG 1133 422 1138 422
DRAG 1148 422 1153 422
DRAG 1168 422 1223 422
DRAG 263 427 273 427
DRAG 293 427 323 427
DRAG 338 427 363 427
DRAG 408 427 448 427
DRAG 463 427 468 427
DRAG 653 427 658 427
DRAG 663 427 673 427
DRAG 1008 427 1018 427
DRAG 1023 427 1063 427
DRAG 1078 427 1088 427
DRAG 1158 427 1163 427
DRAG 1178 427 1213 427
DRAG 258 432 273 432
DRAG 293 432 333 432
DRAG 338 432 368 432
DRAG 408 432 418 432
DRAG 423 432 448 432
DRAG 468 432 473 432
DRAG 483 432 488 432
DRAG 533 432 538 432
DRAG 553 432 558 432
DRAG 653 432 658 432
DRAG 663 432 673 432
DRAG 903 432 908 432
DRAG 1008 432 1013 432
DRAG 1028 432 1048 432
DRAG 1058 432 1063 432
DRAG 1073 432 1078 432
DRAG 1093 432 1103 432
DRAG 1158 432 1163 432
DRAG 1173 432 1203 432
DRAG 1223 432 1233 432
DRAG 238 437 248 437
DRAG 258 437 278 437
DRAG 288 437 328 437
DRAG 338 437 343 437
DRAG 348 437 353 437
DRAG 403 437 418 437
DRAG 443 437 448 437
DRAG 558 437 563 437
DRAG 633 437 638 437
DRAG 668 437 673 437
DRAG 888 437 893 437
DRAG 948 437 953 437
DRAG 1008 437 1013 437
DRAG 1028 437 1053 437
DRAG 1073 437 1083 437
DRAG 1093 437 1103 437
DRAG 1113 437 1118 437
DRAG 1123 437 1128 437
DRAG 1158 437 1168 437
DRAG 1178 437 1198 437
DRAG 1213 437 1223 437
DRAG 263 442 273 442
DRAG 283 442 313 442
DRAG 318 442 333 442
DRAG 408 442 428 442
DRAG 448 442 453 442
DRAG 473 442 478 442
DRAG 558 442 563 442
DRAG 593 442 598 442
DRAG 673 442 678 442
DRAG 888 442 893 442
DRAG 1033 442 1083 442
DRAG 1178 442 1188 442
DRAG 1213 442 1223 442
DRAG 243 447 268 447
DRAG 283 447 288 447
DRAG 313 447 328 447
DRAG 333 447 353 447
DRAG 383 447 388 447
DRAG 423 447 433 447
DRAG 443 447 453 447
DRAG 473 447 483 447
DRAG 523 447 528 447
DRAG 583 447 588 447
DRAG 593 447 598 447
DRAG 668 447 673 447
DRAG 883 447 893 447
DRAG 898 447 903 447
DRAG 993 447 1003 447
DRAG 1028 447 1083 447
DRAG 1133 447 1143 447
DRAG 1153 447 1158 447
DRAG 1168 447 1173 447
DRAG 1178 447 1188 447
DRAG 1203 447 1208 447
DRAG 1213 447 1223 447
DRAG 243 452 283 452
DRAG 288 452 293 452
DRAG 308 452 323 452
DRAG 328 452 338 452
DRAG 348 452 368 452
DRAG 378 452 403 452
DRAG 423 452 428 452
DRAG 438 452 443 452
DRAG 473 452 483 452
DRAG 523 452 528 452
DRAG 583 452 603 452
DRAG 878 452 893 452
DRAG 998 452 1003 452
DRAG 1023 452 1028 452
DRAG 1033 452 1058 452
DRAG 1063 452 1073 452
DRAG 1168 452 1188 452
DRAG 1198 452 1223 452
DRAG 248 457 278 457
DRAG 308 457 333 457
DRAG 343 457 373 457
DRAG 388 457 393 457
DRAG 418 457 428 457
DRAG 448 457 463 457
DRAG 518 457 523 457
DRAG 588 457 603 457
DRAG 663 457 668 457
DRAG 878 457 888 457
DRAG 1023 457 1038 457
DRAG 1058 457 1073 457
DRAG 1078 457 1093 457
DRAG 1108 457 1113 457
DRAG 1168 457 1183 457
DRAG 1198 457 1233 457
DRAG 243 462 268 462
DRAG 283 462 288 462
DRAG 308 462 323 462
DRAG 328 462 333 462
DRAG 338 462 363 462
DRAG 388 462 393 462
DRAG 428 462 433 462
DRAG 443 462 463 462
DRAG 488 462 493 462
DRAG 568 462 578 462
DRAG 583 462 598 462
DRAG 663 462 668 462
DRAG 873 462 888 462
DRAG 1018 462 1023 462
DRAG 1028 462 1033 462
DRAG 1068 462 1098 462
DRAG 1103 462 1108 462
DRAG 1158 462 1183 462
DRAG 1223 462 1233 462
DRAG 238 467 268 467
DRAG 288 467 323 467
DRAG 328 467 363 467
DRAG 383 467 398 467
DRAG 428 467 463 467
DRAG 488 467 493 467
DRAG 523 467 528 467
DRAG 563 467 578 467
DRAG 588 467 598 467
DRAG 858 467 863 467
DRAG 868 467 878 467
DRAG 1018 467 1038 467
DRAG 1058 467 1078 467
DRAG 1158 467 1178 467
DRAG 1228 467 1233 467
DRAG 243 472 253 472
DRAG 258 472 268 472
DRAG 283 472 303 472
DRAG 308 472 353 472
DRAG 373 472 398 472
DRAG 428 472 463 472
DRAG 488 472 493 472
DRAG 498 472 503 472
DRAG 523 472 528 472
DRAG 558 472 563 472
DRAG 863 472 878 472
DRAG 1023 472 1038 472
DRAG 1158 472 1178 472
DRAG 1188 472 1208 472
DRAG 1223 472 1228 472
DRAG 243 477 258 477
DRAG 263 477 268 477
DRAG 278 477 283 477
DRAG 288 477 293 477
DRAG 298 477 313 477
DRAG 323 477 328 477
DRAG 338 477 343 477
DRAG 358 477 363 477
DRAG 368 477 378 477
DRAG 438 477 448 477
DRAG 453 477 458 477
DRAG 558 477 563 477
DRAG 863 477 883 477
DRAG 1018 477 1048 477
DRAG 1063 477 1073 477
DRAG 1108 477 1113 477
DRAG 1163 477 1208 477
DRAG 1218 477 1223 477
DRAG 243 482 258 482
DRAG 263 482 268 482
DRAG 273 482 283 482
DRAG 288 482 298 482
DRAG 308 482 318 482
DRAG 333 482 378 482
DRAG 398 482 403 482
DRAG 438 482 443 482
DRAG 453 482 483 482
DRAG 858 482 883 482
DRAG 1018 482 1068 482
DRAG 1098 482 1108 482
DRAG 1173 482 1208 482
DRAG 1213 482 1223 482
DRAG 243 487 248 487
DRAG 263 487 278 487
DRAG 288 487 303 487
DRAG 318 487 323 487
DRAG 338 487 343 487
DRAG 348 487 358 487
DRAG 363 487 373 487
DRAG 453 487 458 487
DRAG 463 487 473 487
DRAG 478 487 483 487
DRAG 498 487 503 487
DRAG 688 487 698 487
DRAG 833 487 838 487
DRAG 858 487 863 487
DRAG 1028 487 1043 487
DRAG 1053 487 1058 487
DRAG 1063 487 1068 487
DRAG 1163 487 1203 487
DRAG 263 491 268 491
DRAG 278 491 283 491
DRAG 288 491 293 491
DRAG 303 491 328 491
DRAG 333 491 343 491
DRAG 353 491 368 491
DRAG 373 491 383 491
DRAG 393 491 398 491
DRAG 428 491 443 491
DRAG 453 491 458 491
DRAG 473 491 478 491
DRAG 533 491 538 491
DRAG 678 491 688 491
DRAG 833 491 838 491
DRAG 858 491 863 491
DRAG 998 491 1003 491
DRAG 1028 491 1038 491
DRAG 1048 491 1058 491
DRAG 1093 491 1108 491
DRAG 1163 491 1203 491
DRAG 253 496 258 496
DRAG 263 496 268 496
DRAG 278 496 293 496
DRAG 303 496 313 496
DRAG 318 496 333 496
DRAG 353 496 358 496
DRAG 363 496 413 496
DRAG 423 496 428 496
DRAG 448 496 458 496
DRAG 473 496 483 496
DRAG 503 496 508 496
DRAG 513 496 523 496
DRAG 813 496 818 496
DRAG 828 496 833 496
DRAG 858 496 868 496
DRAG 1033 496 1038 496
DRAG 1073 496 1078 496
DRAG 1103 496 1108 496
DRAG 1168 496 1203 496
DRAG 1208 496 1213 496
DRAG 238 501 243 501
DRAG 248 501 253 501
DRAG 263 501 328 501
DRAG 358 501 378 501
DRAG 393 501 398 501
DRAG 413 501 418 501
DRAG 453 501 473 501
DRAG 478 501 483 501
DRAG 508 501 528 501
DRAG 853 501 868 501
DRAG 978 501 988 501
DRAG 1033 501 1038 501
DRAG 1103 501 1108 501
DRAG 1133 501 1148 501
DRAG 1163 501 1198 501
DRAG 263 506 268 506
DRAG 288 506 293 506
DRAG 298 506 323 506
DRAG 333 506 338 506
DRAG 343 506 363 506
DRAG 398 506 403 506
DRAG 413 506 418 506
DRAG 448 506 453 506
DRAG 468 506 473 506
DRAG 483 506 528 506
DRAG 848 506 858 506
DRAG 863 506 868 506
DRAG 983 506 988 506
DRAG 998 506 1003 506
DRAG 1033 506 1038 506
DRAG 1138 506 1153 506
DRAG 1168 506 1188 506
DRAG 1193 506 1203 506
DRAG 293 511 338 511
DRAG 353 511 363 511
DRAG 383 511 388 511
DRAG 398 511 403 511
DRAG 418 511 423 511
DRAG 438 511 443 511
DRAG 448 511 458 511
DRAG 468 511 473 511
DRAG 478 511 488 511
DRAG 503 511 508 511
DRAG 518 511 523 511
DRAG 803 511 818 511
DRAG 838 511 868 511
DRAG 983 511 988 511
DRAG 1098 511 1113 511
DRAG 1143 511 1153 511
DRAG 1168 511 1203 511
DRAG 293 516 328 516
DRAG 338 516 343 516
DRAG 353 516 358 516
DRAG 378 516 388 516
DRAG 398 516 408 516
DRAG 458 516 473 516
DRAG 483 516 493 516
DRAG 498 516 503 516
DRAG 793 516 798 516
DRAG 838 516 858 516
DRAG 1028 516 1038 516
DRAG 1088 516 1113 516
DRAG 1168 516 1193 516
DRAG 298 521 308 521
DRAG 318 521 333 521
DRAG 358 521 368 521
DRAG 383 521 403 521
DRAG 408 521 413 521
DRAG 418 521 438 521
DRAG 458 521 463 521
DRAG 493 521 503 521
DRAG 808 521 813 521
DRAG 818 521 823 521
DRAG 838 521 853 521
DRAG 973 521 978 521
DRAG 1028 521 1038 521
DRAG 1103 521 1113 521
DRAG 1123 521 1128 521
DRAG 1133 521 1138 521
DRAG 1168 521 1188 521
DRAG 283 526 298 526
DRAG 303 526 318 526
DRAG 353 526 358 526
DRAG 363 526 368 526
DRAG 388 526 403 526
DRAG 408 526 418 526
DRAG 443 526 453 526
DRAG 493 526 498 526
DRAG 808 526 813 526
DRAG 833 526 843 526
DRAG 1028 526 1038 526
DRAG 1118 526 1128 526
DRAG 1133 526 1138 526
DRAG 1148 526 1153 526
DRAG 1173 526 1188 526
DRAG 278 531 303 531
DRAG 308 531 318 531
DRAG 353 531 358 531
DRAG 383 531 388 531
DRAG 393 531 403 531
DRAG 408 531 413 531
DRAG 438 531 448 531
DRAG 453 531 473 531
DRAG 498 531 503 531
DRAG 788 531 793 531
DRAG 803 531 813 531
DRAG 873 531 878 531
DRAG 988 531 993 531
DRAG 1108 531 1118 531
DRAG 1128 531 1138 531
DRAG 1148 531 1163 531
DRAG 1178 531 1188 531
DRAG 1203 531 1208 531
DRAG 248 536 253 536
DRAG 273 536 288 536
DRAG 293 536 313 536
DRAG 328 536 333 536
DRAG 348 536 363 536
DRAG 373 536 398 536
DRAG 408 536 418 536
DRAG 438 536 493 536
DRAG 558 536 563 536
DRAG 798 536 803 536
DRAG 808 536 818 536
DRAG 843 536 853 536
DRAG 973 536 978 536
DRAG 983 536 993 536
DRAG 1128 536 1133 536
DRAG 1148 536 1163 536
DRAG 1183 536 1188 536
DRAG 243 541 253 541
DRAG 263 541 278 541
DRAG 288 541 308 541
DRAG 313 541 323 541
DRAG 333 541 368 541
DRAG 373 541 403 541
DRAG 433 541 443 541
DRAG 458 541 483 541
DRAG 503 541 523 541
DRAG 553 541 563 541
DRAG 588 541 598 541
DRAG 603 541 608 541
DRAG 638 541 643 541
DRAG 798 541 803 541
DRAG 808 541 818 541
DRAG 833 541 843 541
DRAG 848 541 858 541
DRAG 978 541 993 541
DRAG 1143 541 1163 541
DRAG 1173 541 1188 541
DRAG 268 546 273 546
DRAG 288 546 308 546
DRAG 313 546 323 546
DRAG 333 546 368 546
DRAG 378 546 398 546
DRAG 443 546 448 546
DRAG 468 546 483 546
DRAG 498 546 503 546
DRAG 578 546 583 546
DRAG 793 546 813 546
DRAG 833 546 848 546
DRAG 888 546 893 546
DRAG 988 546 993 546
DRAG 1148 546 1163 546
DRAG 1173 546 1188 546
DRAG 273 551 278 551
DRAG 298 551 313 551
DRAG 318 551 323 551
DRAG 348 551 403 551
DRAG 438 551 443 551
DRAG 473 551 478 551
DRAG 488 551 503 551
DRAG 563 551 573 551
DRAG 703 551 708 551
DRAG 788 551 793 551
DRAG 828 551 843 551
DRAG 913 551 918 551
DRAG 978 551 993 551
DRAG 1148 551 1163 551
DRAG 1178 551 1188 551
DRAG 263 556 278 556
DRAG 303 556 308 556
DRAG 338 556 343 556
DRAG 353 556 358 556
DRAG 363 556 373 556
DRAG 378 556 408 556
DRAG 423 556 428 556
DRAG 468 556 478 556
DRAG 493 556 498 556
DRAG 508 556 513 556
DRAG 528 556 548 556
DRAG 798 556 803 556
DRAG 833 556 843 556
DRAG 913 556 918 556
DRAG 978 556 993 556
DRAG 1148 556 1168 556
DRAG 1178 556 1188 556
DRAG 268 561 288 561
DRAG 308 561 313 561
DRAG 343 561 348 561
DRAG 353 561 378 561
DRAG 383 561 388 561
DRAG 393 561 408 561
DRAG 473 561 483 561
DRAG 488 561 498 561
DRAG 508 561 523 561
DRAG 528 561 543 561
DRAG 828 561 848 561
DRAG 1178 561 1183 561
DRAG 243 565 263 565
DRAG 283 565 293 565
DRAG 318 565 323 565
DRAG 338 565 343 565
DRAG 363 565 378 565
DRAG 403 565 408 565
DRAG 443 565 453 565
DRAG 478 565 488 565
DRAG 493 565 523 565
DRAG 528 565 538 565
DRAG 568 565 578 565
DRAG 583 565 588 565
DRAG 593 565 608 565
DRAG 788 565 793 565
DRAG 828 565 843 565
DRAG 1148 565 1153 565
DRAG 1158 565 1168 565
DRAG 1178 565 1188 565
DRAG 253 570 263 570
DRAG 303 570 328 570
DRAG 368 570 373 570
DRAG 398 570 403 570
DRAG 483 570 498 570
DRAG 503 570 523 570
DRAG 533 570 543 570
DRAG 563 570 573 570
DRAG 588 570 608 570
DRAG 788 570 793 570
DRAG 798 570 803 570
DRAG 828 570 843 570
DRAG 958 570 963 570
DRAG 1028 570 1033 570
DRAG 1148 570 1153 570
DRAG 1168 570 1188 570
DRAG 253 575 278 575
DRAG 313 575 333 575
DRAG 363 575 373 575
DRAG 398 575 403 575
DRAG 428 575 438 575
DRAG 448 575 458 575
DRAG 468 575 478 575
DRAG 498 575 503 575
DRAG 508 575 513 575
DRAG 518 575 523 575
DRAG 533 575 543 575
DRAG 568 575 573 575
DRAG 578 575 603 575
DRAG 608 575 623 575
DRAG 788 575 808 575
DRAG 833 575 838 575
DRAG 868 575 873 575
DRAG 1028 575 1033 575
DRAG 1168 575 1188 575
DRAG 248 580 268 580
DRAG 273 580 278 580
DRAG 333 580 338 580
DRAG 348 580 368 580
DRAG 373 580 388 580
DRAG 413 580 418 580
DRAG 458 580 463 580
DRAG 468 580 473 580
DRAG 478 580 483 580
DRAG 518 580 548 580
DRAG 578 580 588 580
DRAG 593 580 633 580
DRAG 803 580 813 580
DRAG 828 580 833 580
DRAG 883 580 888 580
DRAG 958 580 968 580
DRAG 1028 580 1033 580
DRAG 1163 580 1168 580
DRAG 243 585 263 585
DRAG 328 585 333 585
DRAG 423 585 433 585
DRAG 478 585 488 585
DRAG 498 585 503 585
DRAG 508 585 518 585
DRAG 523 585 533 585
DRAG 558 585 568 585
DRAG 578 585 593 585
DRAG 608 585 613 585
DRAG 618 585 628 585
DRAG 723 585 753 585
DRAG 778 585 783 585
DRAG 788 585 793 585
DRAG 828 585 838 585
DRAG 878 585 888 585
DRAG 963 585 968 585
DRAG 1028 585 1038 585
DRAG 1098 585 1103 585
DRAG 1183 585 1198 585
DRAG 1233 585 1238 585
DRAG 253 590 263 590
DRAG 313 590 328 590
DRAG 378 590 388 590
DRAG 423 590 433 590
DRAG 478 590 488 590
DRAG 493 590 523 590
DRAG 528 590 533 590
DRAG 578 590 588 590
DRAG 608 590 613 590
DRAG 733 590 748 590
DRAG 788 590 793 590
DRAG 798 590 808 590
DRAG 823 590 838 590
DRAG 1033 590 1038 590
DRAG 1178 590 1198 590
DRAG 258 595 263 595
DRAG 303 595 308 595
DRAG 313 595 338 595
DRAG 358 595 363 595
DRAG 383 595 388 595
DRAG 398 595 403 595
DRAG 423 595 428 595
DRAG 438 595 443 595
DRAG 473 595 488 595
DRAG 493 595 498 595
DRAG 513 595 523 595
DRAG 573 595 578 595
DRAG 598 595 603 595
DRAG 733 595 743 595
DRAG 778 595 803 595
DRAG 823 595 833 595
DRAG 968 595 973 595
DRAG 1163 595 1168 595
DRAG 1178 595 1193 595
DRAG 308 600 313 600
DRAG 323 600 338 600
DRAG 353 600 363 600
DRAG 373 600 403 600
DRAG 453 600 458 600
DRAG 493 600 498 600
DRAG 518 600 528 600
DRAG 593 600 618 600
DRAG 778 600 783 600
DRAG 798 600 803 600
DRAG 818 600 833 600
DRAG 878 600 883 600
DRAG 923 600 928 600
DRAG 953 600 958 600
DRAG 988 600 993 600
DRAG 1033 600 1038 600
DRAG 298 605 313 605
DRAG 318 605 338 605
DRAG 353 605 418 605
DRAG 458 605 463 605
DRAG 493 605 498 605
DRAG 503 605 513 605
DRAG 588 605 608 605
DRAG 723 605 728 605
DRAG 778 605 783 605
DRAG 798 605 803 605
DRAG 818 605 833 605
DRAG 988 605 993 605
DRAG 1033 605 1043 605
DRAG 1178 605 1188 605
DRAG 1213 605 1218 605
DRAG 318 610 323 610
DRAG 328 610 333 610
DRAG 343 610 363 610
DRAG 368 610 383 610
DRAG 393 610 398 610
DRAG 453 610 463 610
DRAG 493 610 498 610
DRAG 503 610 518 610
DRAG 523 610 528 610
DRAG 593 610 603 610
DRAG 713 610 723 610
DRAG 793 610 808 610
DRAG 823 610 828 610
DRAG 853 610 863 610
DRAG 868 610 873 610
DRAG 1033 610 1043 610
DRAG 1178 610 1188 610
DRAG 323 615 328 615
DRAG 353 615 388 615
DRAG 393 615 398 615
DRAG 443 615 453 615
DRAG 463 615 468 615
DRAG 598 615 603 615
DRAG 613 615 623 615
DRAG 713 615 723 615
DRAG 748 615 753 615
DRAG 788 615 793 615
DRAG 818 615 843 615
DRAG 923 615 938 615
DRAG 943 615 948 615
DRAG 1033 615 1043 615
DRAG 1153 615 1158 615
DRAG 1173 615 1183 615
DRAG 338 620 348 620
DRAG 368 620 373 620
DRAG 388 620 393 620
DRAG 398 620 418 620
DRAG 423 620 428 620
DRAG 443 620 448 620
DRAG 458 620 483 620
DRAG 613 620 618 620
DRAG 623 620 628 620
DRAG 703 620 733 620
DRAG 813 620 818 620
DRAG 833 620 843 620
DRAG 913 620 918 620
DRAG 933 620 948 620
DRAG 953 620 983 620
DRAG 293 625 298 625
DRAG 368 625 373 625
DRAG 398 625 403 625
DRAG 423 625 428 625
DRAG 438 625 443 625
DRAG 458 625 478 625
DRAG 613 625 618 625
DRAG 623 625 628 625
DRAG 683 625 733 625
DRAG 748 625 753 625
DRAG 808 625 823 625
DRAG 833 625 838 625
DRAG 908 625 913 625
DRAG 1178 625 1183 625
DRAG 293 630 298 630
DRAG 303 630 308 630
DRAG 353 630 373 630
DRAG 398 630 413 630
DRAG 428 630 443 630
DRAG 448 630 458 630
DRAG 673 630 733 630
DRAG 748 630 753 630
DRAG 828 630 838 630
DRAG 848 630 853 630
DRAG 903 630 913 630
DRAG 923 630 928 630
DRAG 1193 630 1198 630
DRAG 303 635 308 635
DRAG 338 635 343 635
DRAG 348 635 353 635
DRAG 358 635 363 635
DRAG 403 635 423 635
DRAG 428 635 433 635
DRAG 513 635 523 635
DRAG 668 635 753 635
DRAG 818 635 838 635
DRAG 1148 635 1153 635
DRAG 1183 635 1198 635
DRAG 283 639 288 639
DRAG 333 639 358 639
DRAG 408 639 423 639
DRAG 483 639 493 639
DRAG 598 639 603 639
DRAG 613 639 618 639
DRAG 628 639 633 639
DRAG 638 639 648 639
DRAG 673 639 758 639
DRAG 778 639 783 639
DRAG 818 639 823 639
DRAG 828 639 838 639
DRAG 1108 639 1118 639
DRAG 1183 639 1203 639
DRAG 238 644 243 644
DRAG 313 644 323 644
DRAG 333 644 343 644
DRAG 348 644 358 644
DRAG 508 644 513 644
DRAG 623 644 653 644
DRAG 673 644 718 644
DRAG 743 644 758 644
DRAG 778 644 783 644
DRAG 798 644 803 644
DRAG 823 644 838 644
DRAG 898 644 918 644
DRAG 1183 644 1203 644
DRAG 303 649 308 649
DRAG 333 649 343 649
DRAG 348 649 353 649
DRAG 378 649 383 649
DRAG 478 649 483 649
DRAG 623 649 653 649
DRAG 678 649 713 649
DRAG 718 649 728 649
DRAG 743 649 753 649
DRAG 798 649 813 649
DRAG 823 649 828 649
DRAG 833 649 838 649
DRAG 858 649 863 649
DRAG 868 649 883 649
DRAG 893 649 913 649
DRAG 928 649 933 649
DRAG 1033 649 1043 649
DRAG 1138 649 1143 649
DRAG 1168 649 1173 649
DRAG 1183 649 1198 649
DRAG 348 654 358 654
DRAG 368 654 373 654
DRAG 418 654 423 654
DRAG 433 654 438 654
DRAG 503 654 508 654
DRAG 628 654 643 654
DRAG 678 654 698 654
DRAG 708 654 723 654
DRAG 728 654 733 654
DRAG 738 654 753 654
DRAG 778 654 788 654
DRAG 793 654 818 654
DRAG 823 654 833 654
DRAG 843 654 853 654
DRAG 858 654 913 654
DRAG 1033 654 1048 654
DRAG 1183 654 1208 654
DRAG 348 659 363 659
DRAG 423 659 438 659
DRAG 473 659 478 659
DRAG 483 659 488 659
DRAG 633 659 638 659
DRAG 673 659 698 659
DRAG 738 659 763 659
DRAG 778 659 788 659
DRAG 793 659 813 659
DRAG 828 659 833 659
DRAG 843 659 848 659
DRAG 863 659 918 659
DRAG 1008 659 1048 659
DRAG 1158 659 1163 659
DRAG 1183 659 1203 659
DRAG 328 664 333 664
DRAG 358 664 363 664
DRAG 398 664 408 664
DRAG 413 664 443 664
DRAG 453 664 463 664
DRAG 618 664 628 664
DRAG 673 664 688 664
DRAG 743 664 818 664
DRAG 828 664 918 664
DRAG 943 664 948 664
DRAG 968 664 973 664
DRAG 1003 664 1048 664
DRAG 1158 664 1163 664
DRAG 1178 664 1203 664
DRAG 318 669 338 669
DRAG 343 669 348 669
DRAG 358 669 363 669
DRAG 428 669 438 669
DRAG 618 669 628 669
DRAG 668 669 683 669
DRAG 748 669 773 669
DRAG 788 669 918 669
DRAG 948 669 963 669
DRAG 983 669 1053 669
DRAG 1158 669 1163 669
DRAG 1188 669 1203 669
DRAG 318 674 328 674
DRAG 333 674 338 674
DRAG 353 674 363 674
DRAG 673 674 683 674
DRAG 743 674 758 674
DRAG 818 674 918 674
DRAG 928 674 933 674
DRAG 943 674 968 674
DRAG 973 674 1053 674
DRAG 1158 674 1163 674
DRAG 1188 674 1193 674
DRAG 1198 674 1208 674
DRAG 358 679 363 679
DRAG 373 679 378 679
DRAG 413 679 418 679
DRAG 748 679 768 679
DRAG 798 679 808 679
DRAG 813 679 818 679
DRAG 828 679 923 679
DRAG 933 679 1058 679
DRAG 1183 679 1188 679
DRAG 1198 679 1203 679
DRAG 363 684 393 684
DRAG 433 684 438 684
DRAG 458 684 463 684
DRAG 468 684 473 684
DRAG 738 684 743 684
DRAG 748 684 763 684
DRAG 843 684 903 684
DRAG 938 684 1058 684
DRAG 358 689 373 689
DRAG 408 689 413 689
DRAG 463 689 468 689
DRAG 743 689 758 689
DRAG 868 689 903 689
DRAG 963 689 1058 689
DRAG 1118 689 1123 689
DRAG 1173 689 1178 689
DRAG 353 694 368 694
DRAG 413 694 418 694
DRAG 473 694 478 694
DRAG 748 694 758 694
DRAG 763 694 768 694
DRAG 853 694 863 694
DRAG 883 694 903 694
DRAG 963 694 973 694
DRAG 998 694 1053 694
DRAG 1113 694 1128 694
DRAG 1163 694 1173 694
DRAG 1188 694 1193 694
DRAG 413 699 418 699
DRAG 428 699 438 699
DRAG 748 699 758 699
DRAG 913 699 973 699
DRAG 1003 699 1053 699
DRAG 1068 699 1073 699
DRAG 1113 699 1128 699
DRAG 1188 699 1193 699
DRAG 428 704 438 704
DRAG 873 704 878 704
DRAG 928 704 973 704
DRAG 1028 704 1053 704
DRAG 1113 704 1128 704
DRAG 343 709 353 709
DRAG 368 709 373 709
DRAG 383 709 388 709
DRAG 763 709 768 709
DRAG 918 709 928 709
DRAG 953 709 958 709
DRAG 963 709 988 709
DRAG 1018 709 1038 709
DRAG 343 713 348 713
DRAG 383 713 388 713
DRAG 433 713 438 713
DRAG 783 713 788 713
DRAG 913 713 943 713
DRAG 963 713 1038 713
DRAG 1043 713 1048 713
DRAG 323 718 333 718
DRAG 343 718 348 718
DRAG 788 718 793 718
DRAG 928 718 958 718
DRAG 1003 718 1008 718
DRAG 1018 718 1053 718
DRAG 1178 718 1188 718
DRAG 273 723 278 723
DRAG 333 723 338 723
DRAG 428 723 433 723
DRAG 793 723 798 723
DRAG 923 723 983 723
DRAG 1018 723 1028 723
DRAG 1033 723 1073 723
DRAG 1213 723 1228 723
DRAG 313 728 318 728
DRAG 953 728 978 728
DRAG 988 728 1018 728
DRAG 1038 728 1103 728
DRAG 1233 728 1238 728
DRAG 328 733 333 733
DRAG 413 733 423 733
DRAG 478 733 483 733
DRAG 808 733 813 733
DRAG 818 733 828 733
DRAG 968 733 973 733
DRAG 988 733 1018 733
DRAG 1028 733 1043 733
DRAG 1073 733 1108 733
DRAG 408 738 423 738
DRAG 478 738 483 738
DRAG 983 738 998 738
DRAG 1003 738 1073 738
DRAG 1098 738 1153 738
DRAG 248 743 263 743
DRAG 403 743 413 743
DRAG 833 743 838 743
DRAG 998 743 1083 743
DRAG 1088 743 1108 743
DRAG 1128 743 1183 743
DRAG 238 748 243 748
DRAG 248 748 273 748
DRAG 843 748 853 748
DRAG 1018 748 1128 748
DRAG 1138 748 1143 748
DRAG 1183 748 1188 748
DRAG 1193 748 1228 748
DRAG 253 753 273 753
DRAG 1038 753 1163 753
DRAG 1203 753 1208 753
DRAG 1213 753 1238 753
DRAG 253 758 268 758
DRAG 863 758 868 758
DRAG 963 758 978 758
DRAG 1053 758 1178 758
DRAG 248 763 268 763
DRAG 863 763 868 763
DRAG 1068 763 1133 763
DRAG 1138 763 1173 763
DRAG 253 768 268 768
DRAG 858 768 863 768
DRAG 873 768 878 768
DRAG 1038 768 1043 768
DRAG 1093 768 1108 768
DRAG 1113 768 1183 768
DRAG 258 773 263 773
DRAG 883 773 888 773
DRAG 893 773 898 773
DRAG 1108 773 1113 773
DRAG 1128 773 1148 773
DRAG 1153 773 1203 773
DRAG 1148 778 1223 778
DRAG 248 783 253 783
DRAG 353 783 363 783
DRAG 373 783 378 783
DRAG 803 783 808 783
DRAG 1163 783 1238 783
DRAG 238 787 243 787
DRAG 253 787 258 787
DRAG 353 787 363 787
DRAG 373 787 378 787
DRAG 413 787 418 787
DRAG 1183 787 1238 787
DRAG 248 792 253 792
DRAG 358 792 363 792
DRAG 773 792 788 792
DRAG 908 792 913 792
DRAG 1203 792 1213 792
DRAG 1218 792 1223 792
DRAG 248 797 253 797
DRAG 323 797 338 797
DRAG 363 797 368 797
DRAG 908 797 928 797
DRAG 1223 797 1233 797
DRAG 243 802 253 802
DRAG 318 802 343 802
DRAG 373 802 383 802
DRAG 923 802 948 802
DRAG 1053 802 1058 802
DRAG 313 807 338 807
DRAG 363 807 368 807
DRAG 378 807 383 807
DRAG 443 807 453 807
DRAG 928 807 963 807
DRAG 1118 807 1123 807
DRAG 238 812 243 812
DRAG 313 812 353 812
DRAG 363 812 368 812
DRAG 393 812 403 812
DRAG 428 812 448 812
DRAG 933 812 973 812
DRAG 1138 812 1143 812
DRAG 323 817 358 817
DRAG 373 817 383 817
DRAG 398 817 408 817
DRAG 933 817 973 817
DRAG 248 822 258 822
DRAG 328 822 358 822
DRAG 403 822 418 822
DRAG 933 822 983 822
DRAG 1008 822 1023 822
DRAG 238 827 253 827
DRAG 328 827 338 827
DRAG 358 827 363 827
DRAG 938 827 998 827
DRAG 303 832 308 832
DRAG 943 832 1008 832
DRAG 863 837 868 837
DRAG 873 837 888 837
DRAG 953 837 963 837
DRAG 998 837 1023 837
DRAG 863 842 883 842
DRAG 973 842 978 842
DRAG 998 842 1018 842
DRAG 1023 842 1038 842
DRAG 1053 842 1058 842
DRAG 1118 842 1123 842
DRAG 863 847 878 847
DRAG 883 847 898 847
DRAG 978 847 998 847
DRAG 1003 847 1058 847
DRAG 868 852 898 852
DRAG 978 852 983 852
DRAG 1008 852 1013 852
DRAG 1018 852 1078 852
DRAG 1088 852 1093 852
DRAG 1118 852 1123 852
DRAG 238 857 243 857
DRAG 253 857 263 857
DRAG 883 857 888 857
DRAG 893 857 898 857
DRAG 913 857 918 857
DRAG 983 857 1093 857
DRAG 1118 857 1123 857
DRAG 238 861 248 861
DRAG 253 861 268 861
DRAG 883 861 898 861
DRAG 908 861 918 861
DRAG 988 861 1003 861
DRAG 1008 861 1028 861
DRAG 1043 861 1053 861
DRAG 1058 861 1103 861
DRAG 1108 861 1113 861
DRAG 258 866 268 866
DRAG 913 866 918 866
DRAG 993 866 998 866
DRAG 1003 866 1008 866
DRAG 1013 866 1018 866
DRAG 1033 866 1038 866
DRAG 1078 866 1113 866
DRAG 1188 866 1193 866
DRAG 258 871 263 871
DRAG 923 871 928 871
DRAG 1008 871 1013 871
DRAG 1043 871 1048 871
DRAG 1098 871 1103 871
DRAG 1108 871 1123 871
DRAG 1173 871 1178 871
DRAG 1183 871 1188 871
DRAG 1193 871 1208 871
DRAG 1018 876 1023 876
DRAG 1043 876 1048 876
DRAG 1098 876 1108 876
DRAG 1123 876 1128 876
DRAG 1173 876 1183 876
DRAG 1203 876 1208 876
DRAG 1223 876 1238 876
DRAG 1103 881 1108 881
DRAG 1113 881 1118 881
DRAG 1143 881 1148 881
DRAG 1153 881 1158 881
DRAG 1163 881 1173 881
DRAG 1178 881 1183 881
DRAG 1203 881 1208 881
DRAG 1213 881 1228 881
DRAG 1118 886 1123 886
DRAG 1138 886 1143 886
DRAG 1148 886 1168 886
DRAG 1183 886 1188 886
DRAG 1193 886 1203 886
DRAG 1213 886 1228 886
DRAG 1183 891 1203 891
DRAG 1153 896 1158 896
DRAG 1168 896 1178 896
DRAG 1208 896 1238 896
DRAG 1133 901 1138 901
DRAG 1148 901 1153 901
DRAG 1203 901 1238 901
DRAG 1133 906 1138 906
DRAG 1143 906 1148 906
DRAG 1153 906 1163 906
DRAG 1188 906 1193 906
DRAG 1208 906 1238 906
DRAG 508 911 513 911
DRAG 1123 911 1133 911
DRAG 1138 911 1143 911
DRAG 1158 911 1173 911
DRAG 1178 911 1183 911
DRAG 1188 911 1198 911
DRAG 1213 911 1238 911
DRAG 493 916 498 916
DRAG 1138 916 1143 916
DRAG 1168 916 1173 916
DRAG 1188 916 1198 916
DRAG 1218 916 1233 916
DRAG 238 921 253 921
DRAG 263 921 268 921
DRAG 493 921 498 921
DRAG 508 921 513 921
DRAG 1128 921 1138 921
DRAG 1143 921 1158 921
DRAG 1168 921 1203 921
DRAG 1223 921 1238 921
DRAG 238 926 243 926
DRAG 248 926 258 926
DRAG 263 926 268 926
DRAG 273 926 278 926
DRAG 493 926 503 926
DRAG 508 926 513 926
DRAG 1148 926 1158 926
DRAG 1168 926 1178 926
DRAG 1188 926 1213 926
DRAG 1228 926 1233 926
BRUSH
SIZE 80
COL #161616
DRAG 448 191 448 195
DRAG 448 195 458 195
DRAG 458 195 468 195
DRAG 468 195 478 195
DRAG 478 195 483 195
DRAG 483 195 493 200
DRAG 493 200 483 205
DRAG 483 205 478 205
DRAG 518 200 523 210
DRAG 523 210 528 215
DRAG 528 215 533 205
DRAG 533 205 543 200
DRAG 543 200 543 205
DRAG 543 205 543 210
DRAG 543 210 543 215
DRAG 543 215 543 220
DRAG 543 220 553 220
DRAG 553 220 553 225
DRAG 1173 343 1168 353
DRAG 1168 353 1168 358
DRAG 1168 358 1178 358
DRAG 1178 358 1178 363
DRAG 1178 363 1183 368
DRAG 388 442 388 452
DRAG 388 452 378 452
DRAG 378 452 383 457
DRAG 383 457 393 457
DRAG 393 457 403 457
DRAG 403 457 413 452
DRAG 413 452 413 457
DRAG 883 447 873 452
DRAG 873 452 863 457
DRAG 863 457 858 467
DRAG 858 467 853 477
DRAG 853 477 843 472
DRAG 843 472 848 482
DRAG 848 482 838 487
DRAG 838 487 828 487
DRAG 828 487 823 487
DRAG 823 487 823 491
DRAG 823 491 818 501
DRAG 818 501 828 496
DRAG 948 704 948 713
DRAG 948 713 938 718
DRAG 938 718 928 709
DRAG 928 709 918 709
DRAG 918 709 923 713
DRAG 923 713 923 718
DRAG 923 718 933 718
DRAG 933 718 938 723
DRAG 938 723 948 718
DRAG 948 718 958 723
DRAG 958 723 958 713